--------------------------------------------------------
--  File created - Thursday-August-20-2015   
--------------------------------------------------------
DROP TABLE "ETA_LOG" cascade constraints;
DROP TABLE "EXPENSE" cascade constraints;
DROP TABLE "FINANCIAL_CODES" cascade constraints;
DROP TABLE "ONECARD" cascade constraints;
DROP TABLE "OUTOFSTATE" cascade constraints;
DROP TABLE "PERSON" cascade constraints;
DROP TABLE "STAFF" cascade constraints;
DROP TABLE "STAFF_ROLE" cascade constraints;
DROP TABLE "TA" cascade constraints;
DROP TABLE "TA_STATUS" cascade constraints;
DROP TABLE "TRW" cascade constraints;
DROP TABLE "WORKFLOW_PROCESSES" cascade constraints;
DROP SEQUENCE "ETA_LOG_SEQ";
DROP SEQUENCE "EXPENSE_SEQ";
DROP SEQUENCE "FINANCIAL_CODES_SEQ";
DROP SEQUENCE "ONECARD_SEQ";
DROP SEQUENCE "OUTOFSTATE_SEQ";
DROP SEQUENCE "PERSON_SEQ";
DROP SEQUENCE "TA_SEQ";
DROP SEQUENCE "TA_SEQ1";
DROP SEQUENCE "TA_SEQ2";
DROP SEQUENCE "TRW_SEQ";
DROP FUNCTION "SQUIRREL_GET_ERROR_OFFSET";
--------------------------------------------------------
--  DDL for Sequence ETA_LOG_SEQ
--------------------------------------------------------

   CREATE SEQUENCE  "ETA_LOG_SEQ"  MINVALUE 1 MAXVALUE 999999999999999999999999999 INCREMENT BY 1 START WITH 161 CACHE 20 NOORDER  NOCYCLE
--------------------------------------------------------
--  DDL for Sequence EXPENSE_SEQ
--------------------------------------------------------

   CREATE SEQUENCE  "EXPENSE_SEQ"  MINVALUE 1 MAXVALUE 9999999999999999999999999999 INCREMENT BY 1 START WITH 201 CACHE 20 NOORDER  NOCYCLE
--------------------------------------------------------
--  DDL for Sequence FINANCIAL_CODES_SEQ
--------------------------------------------------------

   CREATE SEQUENCE  "FINANCIAL_CODES_SEQ"  MINVALUE 1 MAXVALUE 9999999999999999999999999999 INCREMENT BY 1 START WITH 121 CACHE 20 NOORDER  NOCYCLE
--------------------------------------------------------
--  DDL for Sequence ONECARD_SEQ
--------------------------------------------------------

   CREATE SEQUENCE  "ONECARD_SEQ"  MINVALUE 1 MAXVALUE 9999999999999999999999999999 INCREMENT BY 1 START WITH 201 CACHE 20 NOORDER  NOCYCLE
--------------------------------------------------------
--  DDL for Sequence OUTOFSTATE_SEQ
--------------------------------------------------------

   CREATE SEQUENCE  "OUTOFSTATE_SEQ"  MINVALUE 1 MAXVALUE 9999999999999999999999999999 INCREMENT BY 1 START WITH 41 CACHE 20 NOORDER  NOCYCLE
--------------------------------------------------------
--  DDL for Sequence PERSON_SEQ
--------------------------------------------------------

   CREATE SEQUENCE  "PERSON_SEQ"  MINVALUE 1 MAXVALUE 9999999999999999999999999999 INCREMENT BY 1 START WITH 421 CACHE 20 NOORDER  NOCYCLE
--------------------------------------------------------
--  DDL for Sequence TA_SEQ
--------------------------------------------------------

   CREATE SEQUENCE  "TA_SEQ"  MINVALUE 1 MAXVALUE 9999999999999999999999999999 INCREMENT BY 1 START WITH 161 CACHE 20 NOORDER  NOCYCLE
--------------------------------------------------------
--  DDL for Sequence TA_SEQ1
--------------------------------------------------------

   CREATE SEQUENCE  "TA_SEQ1"  MINVALUE 1 MAXVALUE 9999999999999999999999999999 INCREMENT BY 1 START WITH 661 CACHE 20 NOORDER  NOCYCLE
--------------------------------------------------------
--  DDL for Sequence TA_SEQ2
--------------------------------------------------------

   CREATE SEQUENCE  "TA_SEQ2"  MINVALUE 1 MAXVALUE 999999999999999999999999999 INCREMENT BY 1 START WITH 21 CACHE 20 NOORDER  NOCYCLE
--------------------------------------------------------
--  DDL for Sequence TRW_SEQ
--------------------------------------------------------

   CREATE SEQUENCE  "TRW_SEQ"  MINVALUE 1 MAXVALUE 9999999999999999999999999999 INCREMENT BY 1 START WITH 201 CACHE 20 NOORDER  NOCYCLE
--------------------------------------------------------
--  DDL for Table ETA_LOG
--------------------------------------------------------

  CREATE TABLE "ETA_LOG" ("CREATED" DATE, "STATUSID" NUMBER(10,0), "PROCESSID" NUMBER(10,0), "TAID" NUMBER(10,0), "TRAVELERID" NUMBER, "ID" NUMBER, "STAFFID" NUMBER, "APPROVED" NUMBER(1,0) DEFAULT 0, "DETAILS" VARCHAR2(512 CHAR), "APPROVERID" NUMBER, "PREPARERID" NUMBER)
--------------------------------------------------------
--  DDL for Table EXPENSE
--------------------------------------------------------

  CREATE TABLE "EXPENSE" ("ID" NUMBER(10,0), "EXPENSEDATE" VARCHAR2(25 CHAR), "EXPLANATION" VARCHAR2(512 CHAR), "MEALS" VARCHAR2(25 CHAR), "FACILITY" VARCHAR2(25 CHAR), "MILES" NUMBER(10,2), "SURFMILEAGE" NUMBER(10,2), "OTHERTRANS" NUMBER(10,2), "LODGING" NUMBER(10,2), "MIE" NUMBER(10,2), "OTHER" NUMBER(10,2), "TAID" NUMBER(10,0))
--------------------------------------------------------
--  DDL for Table FINANCIAL_CODES
--------------------------------------------------------

  CREATE TABLE "FINANCIAL_CODES" ("ID" NUMBER(10,0), "CODE" VARCHAR2(45 CHAR), "TAID" NUMBER(10,0))
--------------------------------------------------------
--  DDL for Table ONECARD
--------------------------------------------------------

  CREATE TABLE "ONECARD" ("ID" NUMBER, "TYPE" VARCHAR2(5 CHAR), "AKSASREFID" VARCHAR2(3 CHAR), "REFINVNUMBER" VARCHAR2(25 CHAR), "VENDORPVNDESC" VARCHAR2(100 CHAR), "AMOUNT" NUMBER(10,2), "DATEPAID" DATE, "AKSASACCT" VARCHAR2(25 CHAR), "AKSASBATCHNUM" VARCHAR2(25 CHAR), "TAID" NUMBER(10,0))
--------------------------------------------------------
--  DDL for Table OUTOFSTATE
--------------------------------------------------------

  CREATE TABLE "OUTOFSTATE" ("ID" NUMBER, "CONFNAME" VARCHAR2(128), "GOAL" VARCHAR2(1024), "LOCALOPTION" NUMBER DEFAULT 0, "LOCALOPTIONREASON" VARCHAR2(1024), "BENEFICIAL" VARCHAR2(1024), "SHARING" VARCHAR2(1024), "GROUPABLE" NUMBER DEFAULT 0, "DEBRIEF" NUMBER DEFAULT 0, "COMMENTS" VARCHAR2(1024), "TAID" NUMBER)
--------------------------------------------------------
--  DDL for Table PERSON
--------------------------------------------------------

  CREATE TABLE "PERSON" ("USERNAME" VARCHAR2(20 CHAR), "DIDLOGIN" NUMBER DEFAULT 0, "EIN" NUMBER)
--------------------------------------------------------
--  DDL for Table STAFF
--------------------------------------------------------

  CREATE TABLE "STAFF" ("ID" NUMBER(10,0), "FIRSTNAME" VARCHAR2(45 CHAR), "LASTNAME" VARCHAR2(45 CHAR), "EMAIL" VARCHAR2(45 CHAR), "DATEJOINED" DATE, "DATELEFT" DATE, "OTHERDETAILS" VARCHAR2(255 CHAR), "STAFFROLEID" NUMBER(10,0), "NOTIFY" CHAR(1 CHAR))
--------------------------------------------------------
--  DDL for Table STAFF_ROLE
--------------------------------------------------------

  CREATE TABLE "STAFF_ROLE" ("ID" NUMBER(10,0), "DESCRIPTION" VARCHAR2(255 CHAR))
--------------------------------------------------------
--  DDL for Table TA
--------------------------------------------------------

  CREATE TABLE "TA" ("ID" NUMBER(10,0), "FISCALYEAR" NUMBER(4,0), "TANUMBER" VARCHAR2(30 CHAR), "EE" NUMBER(1,0), "INSTATE" NUMBER(1,0), "PHYSADDR" NUMBER(1,0), "WARRANTADDR" NUMBER(1,0), "PVN" VARCHAR2(20 CHAR), "TRAVELERNAME" VARCHAR2(100 CHAR), "TITLE" VARCHAR2(100 CHAR), "DEPT" VARCHAR2(100 CHAR), "DIV" VARCHAR2(100 CHAR), "BU" VARCHAR2(100 CHAR), "DUTYSTATION" VARCHAR2(100 CHAR), "HOMEADDRESS" VARCHAR2(100 CHAR), "HOMECITY" VARCHAR2(45 CHAR), "HOMESTATE" VARCHAR2(20 CHAR), "HOMEZIP" VARCHAR2(10 CHAR), "WORKDAYS" VARCHAR2(45 CHAR), "WORKTIME" VARCHAR2(45 CHAR), "DESTINATION" VARCHAR2(512 CHAR), "TRAVPREF" VARCHAR2(512 CHAR), "DEPARTUREFROM" VARCHAR2(60 CHAR), "DEPARTUREDATE" DATE, "RETURNDATE" DATE, "PURPOSE" VARCHAR2(1024 CHAR), "ESTCOST" NUMBER(10,2), "ACTUALSREQ" NUMBER(1,0), "TRAVADV" NUMBER(1,0), "PERSTRAV" NUMBER(1,0), "PERSTRAVBEGIN" DATE, "PERSTRAVEND" DATE, "PERSTRAVAIRFARE" NUMBER(6,2), "STATEAUTHTRV" VARCHAR2(1000 CHAR), "HOTELINC" NUMBER(1,0), "CARINC" NUMBER(1,0), "CONFCOM" VARCHAR2(1000 CHAR), "SUPERVISOR" VARCHAR2(50 CHAR), "ISSUBMITTED" NUMBER(1,0), "SPECIALINST" VARCHAR2(1000 CHAR), "CREATED" DATE, "UPDATED" DATE, "SUBMITTED" DATE, "DELETED" DATE, "TRAVELERID" NUMBER(*,0), "PREPARERID" NUMBER(*,0), "TRAVADVWN" VARCHAR2(20 CHAR), "TRAVADVWNAMT" NUMBER(10,2), "ATMWITHDRAWAL" NUMBER(10,2), "EDOCSID" VARCHAR2(20 CHAR), "EDOCSNAME" VARCHAR2(20 CHAR), "DESTINATIONTO" VARCHAR2(512 CHAR), "ESTIMATORID" NUMBER(7,0), "TAXTRAVNONTAX" NUMBER(*,2), "TAXTRAVTAXABLE" NUMBER, "TAXTRAVTOTAL" NUMBER, "PROCESSID" NUMBER)
--------------------------------------------------------
--  DDL for Table TA_STATUS
--------------------------------------------------------

  CREATE TABLE "TA_STATUS" ("ID" NUMBER(10,0), "DESCRIPTION" VARCHAR2(255 CHAR))
--------------------------------------------------------
--  DDL for Table TRW
--------------------------------------------------------

  CREATE TABLE "TRW" ("ID" NUMBER, "FIN" NUMBER, "TYPE" VARCHAR2(8 CHAR), "AMOUNT" NUMBER, "AKSASACCT" VARCHAR2(5), "TAID" NUMBER)
--------------------------------------------------------
--  DDL for Table WORKFLOW_PROCESSES
--------------------------------------------------------

  CREATE TABLE "WORKFLOW_PROCESSES" ("ID" NUMBER(10,0), "NAME" VARCHAR2(45 CHAR))
REM INSERTING into ETA_LOG
SET DEFINE OFF;
Insert into ETA_LOG (CREATED,STATUSID,PROCESSID,TAID,TRAVELERID,ID,STAFFID,APPROVED,DETAILS,APPROVERID,PREPARERID) values (to_date('18-AUG-15','DD-MON-RR'),1,0,94,999999,109,null,0,null,0,999999);
Insert into ETA_LOG (CREATED,STATUSID,PROCESSID,TAID,TRAVELERID,ID,STAFFID,APPROVED,DETAILS,APPROVERID,PREPARERID) values (to_date('18-AUG-15','DD-MON-RR'),1,0,94,999999,110,null,0,null,0,999999);
Insert into ETA_LOG (CREATED,STATUSID,PROCESSID,TAID,TRAVELERID,ID,STAFFID,APPROVED,DETAILS,APPROVERID,PREPARERID) values (to_date('18-AUG-15','DD-MON-RR'),1,0,94,999999,111,null,0,null,0,999999);
Insert into ETA_LOG (CREATED,STATUSID,PROCESSID,TAID,TRAVELERID,ID,STAFFID,APPROVED,DETAILS,APPROVERID,PREPARERID) values (to_date('18-AUG-15','DD-MON-RR'),1,0,94,999999,107,null,0,null,0,999999);
Insert into ETA_LOG (CREATED,STATUSID,PROCESSID,TAID,TRAVELERID,ID,STAFFID,APPROVED,DETAILS,APPROVERID,PREPARERID) values (to_date('18-AUG-15','DD-MON-RR'),1,0,94,999999,108,null,0,null,0,999999);
Insert into ETA_LOG (CREATED,STATUSID,PROCESSID,TAID,TRAVELERID,ID,STAFFID,APPROVED,DETAILS,APPROVERID,PREPARERID) values (to_date('18-AUG-15','DD-MON-RR'),1,0,94,999999,112,null,0,null,0,999999);
Insert into ETA_LOG (CREATED,STATUSID,PROCESSID,TAID,TRAVELERID,ID,STAFFID,APPROVED,DETAILS,APPROVERID,PREPARERID) values (to_date('18-AUG-15','DD-MON-RR'),1,0,94,999999,113,null,0,null,0,999999);
Insert into ETA_LOG (CREATED,STATUSID,PROCESSID,TAID,TRAVELERID,ID,STAFFID,APPROVED,DETAILS,APPROVERID,PREPARERID) values (to_date('18-AUG-15','DD-MON-RR'),1,0,94,999999,114,null,0,null,0,999999);
Insert into ETA_LOG (CREATED,STATUSID,PROCESSID,TAID,TRAVELERID,ID,STAFFID,APPROVED,DETAILS,APPROVERID,PREPARERID) values (to_date('18-AUG-15','DD-MON-RR'),1,0,94,999999,115,null,0,null,0,999999);
Insert into ETA_LOG (CREATED,STATUSID,PROCESSID,TAID,TRAVELERID,ID,STAFFID,APPROVED,DETAILS,APPROVERID,PREPARERID) values (to_date('18-AUG-15','DD-MON-RR'),1,0,94,999999,116,null,0,null,0,999999);
Insert into ETA_LOG (CREATED,STATUSID,PROCESSID,TAID,TRAVELERID,ID,STAFFID,APPROVED,DETAILS,APPROVERID,PREPARERID) values (to_date('18-AUG-15','DD-MON-RR'),1,0,94,999999,117,null,0,null,0,999999);
Insert into ETA_LOG (CREATED,STATUSID,PROCESSID,TAID,TRAVELERID,ID,STAFFID,APPROVED,DETAILS,APPROVERID,PREPARERID) values (to_date('18-AUG-15','DD-MON-RR'),1,0,94,999999,118,null,0,null,0,999999);
Insert into ETA_LOG (CREATED,STATUSID,PROCESSID,TAID,TRAVELERID,ID,STAFFID,APPROVED,DETAILS,APPROVERID,PREPARERID) values (to_date('18-AUG-15','DD-MON-RR'),1,0,94,999999,119,null,0,null,0,999999);
Insert into ETA_LOG (CREATED,STATUSID,PROCESSID,TAID,TRAVELERID,ID,STAFFID,APPROVED,DETAILS,APPROVERID,PREPARERID) values (to_date('18-AUG-15','DD-MON-RR'),1,0,95,999999,120,null,0,null,0,999999);
Insert into ETA_LOG (CREATED,STATUSID,PROCESSID,TAID,TRAVELERID,ID,STAFFID,APPROVED,DETAILS,APPROVERID,PREPARERID) values (to_date('18-AUG-15','DD-MON-RR'),1,1,97,999999,121,null,0,null,0,999999);
Insert into ETA_LOG (CREATED,STATUSID,PROCESSID,TAID,TRAVELERID,ID,STAFFID,APPROVED,DETAILS,APPROVERID,PREPARERID) values (to_date('19-AUG-15','DD-MON-RR'),1,1,111,999999,138,null,0,null,0,999999);
Insert into ETA_LOG (CREATED,STATUSID,PROCESSID,TAID,TRAVELERID,ID,STAFFID,APPROVED,DETAILS,APPROVERID,PREPARERID) values (to_date('20-AUG-15','DD-MON-RR'),1,1,141,999999,145,null,0,null,0,999999);
Insert into ETA_LOG (CREATED,STATUSID,PROCESSID,TAID,TRAVELERID,ID,STAFFID,APPROVED,DETAILS,APPROVERID,PREPARERID) values (to_date('20-AUG-15','DD-MON-RR'),1,1,142,999999,146,null,0,null,0,999999);
Insert into ETA_LOG (CREATED,STATUSID,PROCESSID,TAID,TRAVELERID,ID,STAFFID,APPROVED,DETAILS,APPROVERID,PREPARERID) values (to_date('19-AUG-15','DD-MON-RR'),1,1,104,999999,131,null,0,null,0,999999);
Insert into ETA_LOG (CREATED,STATUSID,PROCESSID,TAID,TRAVELERID,ID,STAFFID,APPROVED,DETAILS,APPROVERID,PREPARERID) values (to_date('19-AUG-15','DD-MON-RR'),1,2,108,999999,135,null,0,null,0,999999);
Insert into ETA_LOG (CREATED,STATUSID,PROCESSID,TAID,TRAVELERID,ID,STAFFID,APPROVED,DETAILS,APPROVERID,PREPARERID) values (to_date('19-AUG-15','DD-MON-RR'),1,1,112,999999,139,null,0,null,0,999999);
Insert into ETA_LOG (CREATED,STATUSID,PROCESSID,TAID,TRAVELERID,ID,STAFFID,APPROVED,DETAILS,APPROVERID,PREPARERID) values (to_date('19-AUG-15','DD-MON-RR'),1,2,113,999999,140,null,0,null,0,999999);
Insert into ETA_LOG (CREATED,STATUSID,PROCESSID,TAID,TRAVELERID,ID,STAFFID,APPROVED,DETAILS,APPROVERID,PREPARERID) values (to_date('19-AUG-15','DD-MON-RR'),1,2,114,999999,141,null,0,null,0,999999);
Insert into ETA_LOG (CREATED,STATUSID,PROCESSID,TAID,TRAVELERID,ID,STAFFID,APPROVED,DETAILS,APPROVERID,PREPARERID) values (to_date('19-AUG-15','DD-MON-RR'),1,1,120,999999,142,null,0,null,0,999999);
Insert into ETA_LOG (CREATED,STATUSID,PROCESSID,TAID,TRAVELERID,ID,STAFFID,APPROVED,DETAILS,APPROVERID,PREPARERID) values (to_date('19-AUG-15','DD-MON-RR'),1,1,121,999999,143,null,0,null,0,999999);
Insert into ETA_LOG (CREATED,STATUSID,PROCESSID,TAID,TRAVELERID,ID,STAFFID,APPROVED,DETAILS,APPROVERID,PREPARERID) values (to_date('19-AUG-15','DD-MON-RR'),1,2,106,999999,133,null,0,null,0,999999);
Insert into ETA_LOG (CREATED,STATUSID,PROCESSID,TAID,TRAVELERID,ID,STAFFID,APPROVED,DETAILS,APPROVERID,PREPARERID) values (to_date('19-AUG-15','DD-MON-RR'),1,2,107,999999,134,null,0,null,0,999999);
Insert into ETA_LOG (CREATED,STATUSID,PROCESSID,TAID,TRAVELERID,ID,STAFFID,APPROVED,DETAILS,APPROVERID,PREPARERID) values (to_date('18-AUG-15','DD-MON-RR'),1,2,96,999999,106,null,0,null,0,999999);
Insert into ETA_LOG (CREATED,STATUSID,PROCESSID,TAID,TRAVELERID,ID,STAFFID,APPROVED,DETAILS,APPROVERID,PREPARERID) values (to_date('19-AUG-15','DD-MON-RR'),1,1,103,999999,130,null,0,null,0,999999);
Insert into ETA_LOG (CREATED,STATUSID,PROCESSID,TAID,TRAVELERID,ID,STAFFID,APPROVED,DETAILS,APPROVERID,PREPARERID) values (to_date('19-AUG-15','DD-MON-RR'),1,2,105,999999,132,null,0,null,0,999999);
Insert into ETA_LOG (CREATED,STATUSID,PROCESSID,TAID,TRAVELERID,ID,STAFFID,APPROVED,DETAILS,APPROVERID,PREPARERID) values (to_date('20-AUG-15','DD-MON-RR'),1,1,136,999999,144,null,0,null,0,999999);
Insert into ETA_LOG (CREATED,STATUSID,PROCESSID,TAID,TRAVELERID,ID,STAFFID,APPROVED,DETAILS,APPROVERID,PREPARERID) values (to_date('18-AUG-15','DD-MON-RR'),1,1,94,999999,104,null,0,null,0,999999);
Insert into ETA_LOG (CREATED,STATUSID,PROCESSID,TAID,TRAVELERID,ID,STAFFID,APPROVED,DETAILS,APPROVERID,PREPARERID) values (to_date('18-AUG-15','DD-MON-RR'),1,1,95,999999,105,null,0,null,0,999999);
Insert into ETA_LOG (CREATED,STATUSID,PROCESSID,TAID,TRAVELERID,ID,STAFFID,APPROVED,DETAILS,APPROVERID,PREPARERID) values (to_date('18-AUG-15','DD-MON-RR'),1,2,98,999999,122,null,0,null,0,999999);
Insert into ETA_LOG (CREATED,STATUSID,PROCESSID,TAID,TRAVELERID,ID,STAFFID,APPROVED,DETAILS,APPROVERID,PREPARERID) values (to_date('18-AUG-15','DD-MON-RR'),1,2,99,321333,123,null,0,null,0,999999);
Insert into ETA_LOG (CREATED,STATUSID,PROCESSID,TAID,TRAVELERID,ID,STAFFID,APPROVED,DETAILS,APPROVERID,PREPARERID) values (to_date('18-AUG-15','DD-MON-RR'),1,2,100,321333,124,321333,0,null,0,321333);
Insert into ETA_LOG (CREATED,STATUSID,PROCESSID,TAID,TRAVELERID,ID,STAFFID,APPROVED,DETAILS,APPROVERID,PREPARERID) values (to_date('18-AUG-15','DD-MON-RR'),1,1,101,321333,125,321333,0,null,0,321333);
Insert into ETA_LOG (CREATED,STATUSID,PROCESSID,TAID,TRAVELERID,ID,STAFFID,APPROVED,DETAILS,APPROVERID,PREPARERID) values (to_date('18-AUG-15','DD-MON-RR'),1,0,99,321333,126,null,0,null,0,321333);
Insert into ETA_LOG (CREATED,STATUSID,PROCESSID,TAID,TRAVELERID,ID,STAFFID,APPROVED,DETAILS,APPROVERID,PREPARERID) values (to_date('18-AUG-15','DD-MON-RR'),1,0,100,321333,127,null,0,null,0,321333);
Insert into ETA_LOG (CREATED,STATUSID,PROCESSID,TAID,TRAVELERID,ID,STAFFID,APPROVED,DETAILS,APPROVERID,PREPARERID) values (to_date('18-AUG-15','DD-MON-RR'),1,0,101,321333,128,null,0,null,0,321333);
Insert into ETA_LOG (CREATED,STATUSID,PROCESSID,TAID,TRAVELERID,ID,STAFFID,APPROVED,DETAILS,APPROVERID,PREPARERID) values (to_date('18-AUG-15','DD-MON-RR'),1,1,102,999999,129,null,0,null,0,999999);
Insert into ETA_LOG (CREATED,STATUSID,PROCESSID,TAID,TRAVELERID,ID,STAFFID,APPROVED,DETAILS,APPROVERID,PREPARERID) values (to_date('19-AUG-15','DD-MON-RR'),1,2,109,999999,136,null,0,null,0,999999);
Insert into ETA_LOG (CREATED,STATUSID,PROCESSID,TAID,TRAVELERID,ID,STAFFID,APPROVED,DETAILS,APPROVERID,PREPARERID) values (to_date('19-AUG-15','DD-MON-RR'),1,1,110,324131,137,null,0,null,0,999999);
REM INSERTING into EXPENSE
SET DEFINE OFF;
REM INSERTING into FINANCIAL_CODES
SET DEFINE OFF;
REM INSERTING into ONECARD
SET DEFINE OFF;
REM INSERTING into OUTOFSTATE
SET DEFINE OFF;
REM INSERTING into PERSON
SET DEFINE OFF;
Insert into PERSON (USERNAME,DIDLOGIN,EIN) values ('nonEmp',0,0);
Insert into PERSON (USERNAME,DIDLOGIN,EIN) values ('issdtest1',1,999999);
Insert into PERSON (USERNAME,DIDLOGIN,EIN) values ('ktlam',0,324131);
Insert into PERSON (USERNAME,DIDLOGIN,EIN) values ('jphustman',0,321333);
REM INSERTING into STAFF
SET DEFINE OFF;
Insert into STAFF (ID,FIRSTNAME,LASTNAME,EMAIL,DATEJOINED,DATELEFT,OTHERDETAILS,STAFFROLEID,NOTIFY) values (0,'Nobody','Jones','nobody@alaska.gov',to_date('21-DEC-12','DD-MON-RR'),null,null,1,'Y');
Insert into STAFF (ID,FIRSTNAME,LASTNAME,EMAIL,DATEJOINED,DATELEFT,OTHERDETAILS,STAFFROLEID,NOTIFY) values (321333,'Jeremey','Hustman','jeremey.hustman@alaska.gov',to_date('11-AUG-14','DD-MON-RR'),null,null,1,'Y');
Insert into STAFF (ID,FIRSTNAME,LASTNAME,EMAIL,DATEJOINED,DATELEFT,OTHERDETAILS,STAFFROLEID,NOTIFY) values (289377,'Nino','Bohulano','fernino.bohulano@alaska.gov',to_date('21-OCT-14','DD-MON-RR'),null,null,1,'N');
Insert into STAFF (ID,FIRSTNAME,LASTNAME,EMAIL,DATEJOINED,DATELEFT,OTHERDETAILS,STAFFROLEID,NOTIFY) values (261130,'Rachel','Kindred','rachel.kindred@alaska.gov',to_date('21-OCT-14','DD-MON-RR'),null,null,1,'N');
Insert into STAFF (ID,FIRSTNAME,LASTNAME,EMAIL,DATEJOINED,DATELEFT,OTHERDETAILS,STAFFROLEID,NOTIFY) values (325417,'Brittany','Weideman','brittany.weideman@alaska.gov',to_date('21-OCT-14','DD-MON-RR'),null,null,1,'N');
Insert into STAFF (ID,FIRSTNAME,LASTNAME,EMAIL,DATEJOINED,DATELEFT,OTHERDETAILS,STAFFROLEID,NOTIFY) values (231749,'Wendy','Parker','wendy.parker@alaska.gov',to_date('21-APR-15','DD-MON-RR'),null,null,1,'N');
REM INSERTING into STAFF_ROLE
SET DEFINE OFF;
Insert into STAFF_ROLE (ID,DESCRIPTION) values (1,'Travel Planner');
Insert into STAFF_ROLE (ID,DESCRIPTION) values (2,'Divisional Approver');
Insert into STAFF_ROLE (ID,DESCRIPTION) values (3,'Departmental Approver');
REM INSERTING into TA
SET DEFINE OFF;
Insert into TA (ID,FISCALYEAR,TANUMBER,EE,INSTATE,PHYSADDR,WARRANTADDR,PVN,TRAVELERNAME,TITLE,DEPT,DIV,BU,DUTYSTATION,HOMEADDRESS,HOMECITY,HOMESTATE,HOMEZIP,WORKDAYS,WORKTIME,DESTINATION,TRAVPREF,DEPARTUREFROM,DEPARTUREDATE,RETURNDATE,PURPOSE,ESTCOST,ACTUALSREQ,TRAVADV,PERSTRAV,PERSTRAVBEGIN,PERSTRAVEND,PERSTRAVAIRFARE,STATEAUTHTRV,HOTELINC,CARINC,CONFCOM,SUPERVISOR,ISSUBMITTED,SPECIALINST,CREATED,UPDATED,SUBMITTED,DELETED,TRAVELERID,PREPARERID,TRAVADVWN,TRAVADVWNAMT,ATMWITHDRAWAL,EDOCSID,EDOCSNAME,DESTINATIONTO,ESTIMATORID,TAXTRAVNONTAX,TAXTRAVTAXABLE,TAXTRAVTOTAL,PROCESSID) values (111,null,null,1,1,0,0,null,'ISSDTEST1','Test User','Transportation & Public Facilities','ISD-INFO SYS SVCS',null,'Juneau',null,null,null,null,null,null,null,null,null,null,null,null,null,0,0,0,null,null,null,null,0,0,null,null,0,null,to_date('19-AUG-15','DD-MON-RR'),null,null,null,999999,999999,null,null,null,null,null,'Anchorage',null,null,null,null,1);
Insert into TA (ID,FISCALYEAR,TANUMBER,EE,INSTATE,PHYSADDR,WARRANTADDR,PVN,TRAVELERNAME,TITLE,DEPT,DIV,BU,DUTYSTATION,HOMEADDRESS,HOMECITY,HOMESTATE,HOMEZIP,WORKDAYS,WORKTIME,DESTINATION,TRAVPREF,DEPARTUREFROM,DEPARTUREDATE,RETURNDATE,PURPOSE,ESTCOST,ACTUALSREQ,TRAVADV,PERSTRAV,PERSTRAVBEGIN,PERSTRAVEND,PERSTRAVAIRFARE,STATEAUTHTRV,HOTELINC,CARINC,CONFCOM,SUPERVISOR,ISSUBMITTED,SPECIALINST,CREATED,UPDATED,SUBMITTED,DELETED,TRAVELERID,PREPARERID,TRAVADVWN,TRAVADVWNAMT,ATMWITHDRAWAL,EDOCSID,EDOCSNAME,DESTINATIONTO,ESTIMATORID,TAXTRAVNONTAX,TAXTRAVTAXABLE,TAXTRAVTOTAL,PROCESSID) values (141,null,null,1,0,0,0,null,'ISSDTEST1','Test User','Transportation & Public Facilities','ISD-INFO SYS SVCS',null,'Juneau',null,null,null,null,null,null,null,null,null,null,null,null,null,0,0,0,null,null,null,null,0,0,null,null,0,null,to_date('20-AUG-15','DD-MON-RR'),null,null,null,999999,999999,null,null,null,null,null,null,null,null,null,null,1);
Insert into TA (ID,FISCALYEAR,TANUMBER,EE,INSTATE,PHYSADDR,WARRANTADDR,PVN,TRAVELERNAME,TITLE,DEPT,DIV,BU,DUTYSTATION,HOMEADDRESS,HOMECITY,HOMESTATE,HOMEZIP,WORKDAYS,WORKTIME,DESTINATION,TRAVPREF,DEPARTUREFROM,DEPARTUREDATE,RETURNDATE,PURPOSE,ESTCOST,ACTUALSREQ,TRAVADV,PERSTRAV,PERSTRAVBEGIN,PERSTRAVEND,PERSTRAVAIRFARE,STATEAUTHTRV,HOTELINC,CARINC,CONFCOM,SUPERVISOR,ISSUBMITTED,SPECIALINST,CREATED,UPDATED,SUBMITTED,DELETED,TRAVELERID,PREPARERID,TRAVADVWN,TRAVADVWNAMT,ATMWITHDRAWAL,EDOCSID,EDOCSNAME,DESTINATIONTO,ESTIMATORID,TAXTRAVNONTAX,TAXTRAVTAXABLE,TAXTRAVTOTAL,PROCESSID) values (142,null,null,1,0,0,0,null,'ISSDTEST1','Test User','Transportation & Public Facilities','ISD-INFO SYS SVCS',null,'Juneau',null,null,null,null,null,null,null,null,null,null,null,null,null,0,0,0,null,null,null,null,0,0,null,null,0,null,to_date('20-AUG-15','DD-MON-RR'),null,null,null,999999,999999,null,null,null,null,null,null,null,null,null,null,1);
Insert into TA (ID,FISCALYEAR,TANUMBER,EE,INSTATE,PHYSADDR,WARRANTADDR,PVN,TRAVELERNAME,TITLE,DEPT,DIV,BU,DUTYSTATION,HOMEADDRESS,HOMECITY,HOMESTATE,HOMEZIP,WORKDAYS,WORKTIME,DESTINATION,TRAVPREF,DEPARTUREFROM,DEPARTUREDATE,RETURNDATE,PURPOSE,ESTCOST,ACTUALSREQ,TRAVADV,PERSTRAV,PERSTRAVBEGIN,PERSTRAVEND,PERSTRAVAIRFARE,STATEAUTHTRV,HOTELINC,CARINC,CONFCOM,SUPERVISOR,ISSUBMITTED,SPECIALINST,CREATED,UPDATED,SUBMITTED,DELETED,TRAVELERID,PREPARERID,TRAVADVWN,TRAVADVWNAMT,ATMWITHDRAWAL,EDOCSID,EDOCSNAME,DESTINATIONTO,ESTIMATORID,TAXTRAVNONTAX,TAXTRAVTAXABLE,TAXTRAVTOTAL,PROCESSID) values (97,null,null,1,1,0,0,null,'ISSDTEST1','Test User','Transportation & Public Facilities','ISD-INFO SYS SVCS',null,'Juneau',null,null,null,null,null,null,null,null,null,null,null,null,null,0,0,0,null,null,null,null,0,0,null,null,0,null,to_date('18-AUG-15','DD-MON-RR'),null,null,null,999999,999999,null,null,null,null,null,null,null,null,null,null,1);
Insert into TA (ID,FISCALYEAR,TANUMBER,EE,INSTATE,PHYSADDR,WARRANTADDR,PVN,TRAVELERNAME,TITLE,DEPT,DIV,BU,DUTYSTATION,HOMEADDRESS,HOMECITY,HOMESTATE,HOMEZIP,WORKDAYS,WORKTIME,DESTINATION,TRAVPREF,DEPARTUREFROM,DEPARTUREDATE,RETURNDATE,PURPOSE,ESTCOST,ACTUALSREQ,TRAVADV,PERSTRAV,PERSTRAVBEGIN,PERSTRAVEND,PERSTRAVAIRFARE,STATEAUTHTRV,HOTELINC,CARINC,CONFCOM,SUPERVISOR,ISSUBMITTED,SPECIALINST,CREATED,UPDATED,SUBMITTED,DELETED,TRAVELERID,PREPARERID,TRAVADVWN,TRAVADVWNAMT,ATMWITHDRAWAL,EDOCSID,EDOCSNAME,DESTINATIONTO,ESTIMATORID,TAXTRAVNONTAX,TAXTRAVTAXABLE,TAXTRAVTOTAL,PROCESSID) values (104,null,null,1,1,0,0,null,'ISSDTEST1','Test User','Transportation & Public Facilities','ISD-INFO SYS SVCS',null,'Juneau',null,null,null,null,null,null,null,null,null,null,null,null,null,0,0,0,null,null,null,null,0,0,null,null,0,null,to_date('19-AUG-15','DD-MON-RR'),null,null,null,999999,999999,null,null,null,null,null,null,null,null,null,null,1);
Insert into TA (ID,FISCALYEAR,TANUMBER,EE,INSTATE,PHYSADDR,WARRANTADDR,PVN,TRAVELERNAME,TITLE,DEPT,DIV,BU,DUTYSTATION,HOMEADDRESS,HOMECITY,HOMESTATE,HOMEZIP,WORKDAYS,WORKTIME,DESTINATION,TRAVPREF,DEPARTUREFROM,DEPARTUREDATE,RETURNDATE,PURPOSE,ESTCOST,ACTUALSREQ,TRAVADV,PERSTRAV,PERSTRAVBEGIN,PERSTRAVEND,PERSTRAVAIRFARE,STATEAUTHTRV,HOTELINC,CARINC,CONFCOM,SUPERVISOR,ISSUBMITTED,SPECIALINST,CREATED,UPDATED,SUBMITTED,DELETED,TRAVELERID,PREPARERID,TRAVADVWN,TRAVADVWNAMT,ATMWITHDRAWAL,EDOCSID,EDOCSNAME,DESTINATIONTO,ESTIMATORID,TAXTRAVNONTAX,TAXTRAVTAXABLE,TAXTRAVTOTAL,PROCESSID) values (108,2016,'25-2016-00008',1,1,0,0,null,'ISSDTEST1','Test User','Transportation & Public Facilities','ISD-INFO SYS SVCS',null,'Juneau',null,null,null,null,null,null,null,null,null,null,null,null,null,0,0,0,null,null,null,null,0,0,null,null,1,null,to_date('19-AUG-15','DD-MON-RR'),null,to_date('19-AUG-15','DD-MON-RR'),null,999999,999999,null,null,null,null,null,null,null,null,null,null,2);
Insert into TA (ID,FISCALYEAR,TANUMBER,EE,INSTATE,PHYSADDR,WARRANTADDR,PVN,TRAVELERNAME,TITLE,DEPT,DIV,BU,DUTYSTATION,HOMEADDRESS,HOMECITY,HOMESTATE,HOMEZIP,WORKDAYS,WORKTIME,DESTINATION,TRAVPREF,DEPARTUREFROM,DEPARTUREDATE,RETURNDATE,PURPOSE,ESTCOST,ACTUALSREQ,TRAVADV,PERSTRAV,PERSTRAVBEGIN,PERSTRAVEND,PERSTRAVAIRFARE,STATEAUTHTRV,HOTELINC,CARINC,CONFCOM,SUPERVISOR,ISSUBMITTED,SPECIALINST,CREATED,UPDATED,SUBMITTED,DELETED,TRAVELERID,PREPARERID,TRAVADVWN,TRAVADVWNAMT,ATMWITHDRAWAL,EDOCSID,EDOCSNAME,DESTINATIONTO,ESTIMATORID,TAXTRAVNONTAX,TAXTRAVTAXABLE,TAXTRAVTOTAL,PROCESSID) values (112,2016,'25-2016-00002',1,1,0,0,null,'ISSDTEST1','Test User','Transportation & Public Facilities','ISD-INFO SYS SVCS',null,'Juneau',null,null,null,null,null,null,null,null,null,null,null,null,null,0,0,0,null,null,null,null,0,0,null,null,1,null,to_date('19-AUG-15','DD-MON-RR'),null,to_date('18-AUG-15','DD-MON-RR'),null,999999,999999,null,null,null,null,null,'Anchorage',null,null,null,null,1);
Insert into TA (ID,FISCALYEAR,TANUMBER,EE,INSTATE,PHYSADDR,WARRANTADDR,PVN,TRAVELERNAME,TITLE,DEPT,DIV,BU,DUTYSTATION,HOMEADDRESS,HOMECITY,HOMESTATE,HOMEZIP,WORKDAYS,WORKTIME,DESTINATION,TRAVPREF,DEPARTUREFROM,DEPARTUREDATE,RETURNDATE,PURPOSE,ESTCOST,ACTUALSREQ,TRAVADV,PERSTRAV,PERSTRAVBEGIN,PERSTRAVEND,PERSTRAVAIRFARE,STATEAUTHTRV,HOTELINC,CARINC,CONFCOM,SUPERVISOR,ISSUBMITTED,SPECIALINST,CREATED,UPDATED,SUBMITTED,DELETED,TRAVELERID,PREPARERID,TRAVADVWN,TRAVADVWNAMT,ATMWITHDRAWAL,EDOCSID,EDOCSNAME,DESTINATIONTO,ESTIMATORID,TAXTRAVNONTAX,TAXTRAVTAXABLE,TAXTRAVTOTAL,PROCESSID) values (113,2016,'25-2016-00010',1,1,0,0,null,'ISSDTEST1','Test User','Transportation & Public Facilities','ISD-INFO SYS SVCS',null,'Juneau',null,null,null,null,null,null,null,null,null,null,null,null,null,0,0,0,null,null,null,null,0,0,null,null,1,null,to_date('19-AUG-15','DD-MON-RR'),null,to_date('19-AUG-15','DD-MON-RR'),null,999999,999999,null,null,null,null,null,'Bristol Bay',null,null,null,null,2);
Insert into TA (ID,FISCALYEAR,TANUMBER,EE,INSTATE,PHYSADDR,WARRANTADDR,PVN,TRAVELERNAME,TITLE,DEPT,DIV,BU,DUTYSTATION,HOMEADDRESS,HOMECITY,HOMESTATE,HOMEZIP,WORKDAYS,WORKTIME,DESTINATION,TRAVPREF,DEPARTUREFROM,DEPARTUREDATE,RETURNDATE,PURPOSE,ESTCOST,ACTUALSREQ,TRAVADV,PERSTRAV,PERSTRAVBEGIN,PERSTRAVEND,PERSTRAVAIRFARE,STATEAUTHTRV,HOTELINC,CARINC,CONFCOM,SUPERVISOR,ISSUBMITTED,SPECIALINST,CREATED,UPDATED,SUBMITTED,DELETED,TRAVELERID,PREPARERID,TRAVADVWN,TRAVADVWNAMT,ATMWITHDRAWAL,EDOCSID,EDOCSNAME,DESTINATIONTO,ESTIMATORID,TAXTRAVNONTAX,TAXTRAVTAXABLE,TAXTRAVTOTAL,PROCESSID) values (114,2016,'25-2016-00011',1,1,0,0,null,'ISSDTEST1','Test User','Transportation & Public Facilities','ISD-INFO SYS SVCS',null,'Juneau',null,null,null,null,null,null,null,null,null,null,null,null,null,0,0,0,null,null,null,null,0,0,null,null,1,null,to_date('19-AUG-15','DD-MON-RR'),null,to_date('19-AUG-15','DD-MON-RR'),null,999999,999999,null,null,null,null,null,null,null,null,null,null,2);
Insert into TA (ID,FISCALYEAR,TANUMBER,EE,INSTATE,PHYSADDR,WARRANTADDR,PVN,TRAVELERNAME,TITLE,DEPT,DIV,BU,DUTYSTATION,HOMEADDRESS,HOMECITY,HOMESTATE,HOMEZIP,WORKDAYS,WORKTIME,DESTINATION,TRAVPREF,DEPARTUREFROM,DEPARTUREDATE,RETURNDATE,PURPOSE,ESTCOST,ACTUALSREQ,TRAVADV,PERSTRAV,PERSTRAVBEGIN,PERSTRAVEND,PERSTRAVAIRFARE,STATEAUTHTRV,HOTELINC,CARINC,CONFCOM,SUPERVISOR,ISSUBMITTED,SPECIALINST,CREATED,UPDATED,SUBMITTED,DELETED,TRAVELERID,PREPARERID,TRAVADVWN,TRAVADVWNAMT,ATMWITHDRAWAL,EDOCSID,EDOCSNAME,DESTINATIONTO,ESTIMATORID,TAXTRAVNONTAX,TAXTRAVTAXABLE,TAXTRAVTOTAL,PROCESSID) values (120,null,null,1,0,0,0,null,'ISSDTEST1','Test User','Transportation & Public Facilities','ISD-INFO SYS SVCS',null,'Juneau',null,null,null,null,null,null,null,null,null,null,null,null,null,0,0,0,null,null,null,null,0,0,null,null,0,null,to_date('19-AUG-15','DD-MON-RR'),null,null,null,999999,999999,null,null,null,null,null,null,null,null,null,null,1);
Insert into TA (ID,FISCALYEAR,TANUMBER,EE,INSTATE,PHYSADDR,WARRANTADDR,PVN,TRAVELERNAME,TITLE,DEPT,DIV,BU,DUTYSTATION,HOMEADDRESS,HOMECITY,HOMESTATE,HOMEZIP,WORKDAYS,WORKTIME,DESTINATION,TRAVPREF,DEPARTUREFROM,DEPARTUREDATE,RETURNDATE,PURPOSE,ESTCOST,ACTUALSREQ,TRAVADV,PERSTRAV,PERSTRAVBEGIN,PERSTRAVEND,PERSTRAVAIRFARE,STATEAUTHTRV,HOTELINC,CARINC,CONFCOM,SUPERVISOR,ISSUBMITTED,SPECIALINST,CREATED,UPDATED,SUBMITTED,DELETED,TRAVELERID,PREPARERID,TRAVADVWN,TRAVADVWNAMT,ATMWITHDRAWAL,EDOCSID,EDOCSNAME,DESTINATIONTO,ESTIMATORID,TAXTRAVNONTAX,TAXTRAVTAXABLE,TAXTRAVTOTAL,PROCESSID) values (121,null,null,1,0,0,0,null,'ISSDTEST1','Test User','Transportation & Public Facilities','ISD-INFO SYS SVCS',null,'Juneau',null,null,null,null,null,null,null,null,null,null,null,null,null,0,0,0,null,null,null,null,0,0,null,null,0,null,to_date('19-AUG-15','DD-MON-RR'),null,null,null,999999,999999,null,null,null,null,null,null,null,null,null,null,1);
Insert into TA (ID,FISCALYEAR,TANUMBER,EE,INSTATE,PHYSADDR,WARRANTADDR,PVN,TRAVELERNAME,TITLE,DEPT,DIV,BU,DUTYSTATION,HOMEADDRESS,HOMECITY,HOMESTATE,HOMEZIP,WORKDAYS,WORKTIME,DESTINATION,TRAVPREF,DEPARTUREFROM,DEPARTUREDATE,RETURNDATE,PURPOSE,ESTCOST,ACTUALSREQ,TRAVADV,PERSTRAV,PERSTRAVBEGIN,PERSTRAVEND,PERSTRAVAIRFARE,STATEAUTHTRV,HOTELINC,CARINC,CONFCOM,SUPERVISOR,ISSUBMITTED,SPECIALINST,CREATED,UPDATED,SUBMITTED,DELETED,TRAVELERID,PREPARERID,TRAVADVWN,TRAVADVWNAMT,ATMWITHDRAWAL,EDOCSID,EDOCSNAME,DESTINATIONTO,ESTIMATORID,TAXTRAVNONTAX,TAXTRAVTAXABLE,TAXTRAVTOTAL,PROCESSID) values (106,2016,'25-2016-00006',1,1,0,0,null,'ISSDTEST1','Test User','Transportation & Public Facilities','ISD-INFO SYS SVCS',null,'Juneau',null,null,null,null,null,null,null,null,null,null,null,null,null,0,0,0,null,null,null,null,0,0,null,null,1,null,to_date('19-AUG-15','DD-MON-RR'),null,to_date('19-AUG-15','DD-MON-RR'),null,999999,999999,null,null,null,null,null,null,null,null,null,null,2);
Insert into TA (ID,FISCALYEAR,TANUMBER,EE,INSTATE,PHYSADDR,WARRANTADDR,PVN,TRAVELERNAME,TITLE,DEPT,DIV,BU,DUTYSTATION,HOMEADDRESS,HOMECITY,HOMESTATE,HOMEZIP,WORKDAYS,WORKTIME,DESTINATION,TRAVPREF,DEPARTUREFROM,DEPARTUREDATE,RETURNDATE,PURPOSE,ESTCOST,ACTUALSREQ,TRAVADV,PERSTRAV,PERSTRAVBEGIN,PERSTRAVEND,PERSTRAVAIRFARE,STATEAUTHTRV,HOTELINC,CARINC,CONFCOM,SUPERVISOR,ISSUBMITTED,SPECIALINST,CREATED,UPDATED,SUBMITTED,DELETED,TRAVELERID,PREPARERID,TRAVADVWN,TRAVADVWNAMT,ATMWITHDRAWAL,EDOCSID,EDOCSNAME,DESTINATIONTO,ESTIMATORID,TAXTRAVNONTAX,TAXTRAVTAXABLE,TAXTRAVTOTAL,PROCESSID) values (107,2016,'25-2016-00007',1,1,0,0,null,'ISSDTEST1','Test User','Transportation & Public Facilities','ISD-INFO SYS SVCS',null,'Juneau',null,null,null,null,null,null,null,null,null,null,null,null,null,0,0,0,null,null,null,null,0,0,null,null,1,null,to_date('19-AUG-15','DD-MON-RR'),null,to_date('19-AUG-15','DD-MON-RR'),null,999999,999999,null,null,null,null,null,null,null,null,null,null,2);
Insert into TA (ID,FISCALYEAR,TANUMBER,EE,INSTATE,PHYSADDR,WARRANTADDR,PVN,TRAVELERNAME,TITLE,DEPT,DIV,BU,DUTYSTATION,HOMEADDRESS,HOMECITY,HOMESTATE,HOMEZIP,WORKDAYS,WORKTIME,DESTINATION,TRAVPREF,DEPARTUREFROM,DEPARTUREDATE,RETURNDATE,PURPOSE,ESTCOST,ACTUALSREQ,TRAVADV,PERSTRAV,PERSTRAVBEGIN,PERSTRAVEND,PERSTRAVAIRFARE,STATEAUTHTRV,HOTELINC,CARINC,CONFCOM,SUPERVISOR,ISSUBMITTED,SPECIALINST,CREATED,UPDATED,SUBMITTED,DELETED,TRAVELERID,PREPARERID,TRAVADVWN,TRAVADVWNAMT,ATMWITHDRAWAL,EDOCSID,EDOCSNAME,DESTINATIONTO,ESTIMATORID,TAXTRAVNONTAX,TAXTRAVTAXABLE,TAXTRAVTOTAL,PROCESSID) values (96,2016,'25-2016-00001',1,1,0,0,null,'ISSDTEST1','Test User','Transportation & Public Facilities','ISD-INFO SYS SVCS',null,'Juneau',null,null,null,null,null,null,null,null,null,null,null,null,null,0,0,0,null,null,null,null,0,0,null,null,1,null,to_date('18-AUG-15','DD-MON-RR'),null,to_date('18-AUG-15','DD-MON-RR'),null,999999,999999,null,null,null,null,null,null,null,null,null,null,2);
Insert into TA (ID,FISCALYEAR,TANUMBER,EE,INSTATE,PHYSADDR,WARRANTADDR,PVN,TRAVELERNAME,TITLE,DEPT,DIV,BU,DUTYSTATION,HOMEADDRESS,HOMECITY,HOMESTATE,HOMEZIP,WORKDAYS,WORKTIME,DESTINATION,TRAVPREF,DEPARTUREFROM,DEPARTUREDATE,RETURNDATE,PURPOSE,ESTCOST,ACTUALSREQ,TRAVADV,PERSTRAV,PERSTRAVBEGIN,PERSTRAVEND,PERSTRAVAIRFARE,STATEAUTHTRV,HOTELINC,CARINC,CONFCOM,SUPERVISOR,ISSUBMITTED,SPECIALINST,CREATED,UPDATED,SUBMITTED,DELETED,TRAVELERID,PREPARERID,TRAVADVWN,TRAVADVWNAMT,ATMWITHDRAWAL,EDOCSID,EDOCSNAME,DESTINATIONTO,ESTIMATORID,TAXTRAVNONTAX,TAXTRAVTAXABLE,TAXTRAVTOTAL,PROCESSID) values (103,null,null,1,1,0,0,null,'ISSDTEST1','Test User','Transportation & Public Facilities','ISD-INFO SYS SVCS',null,'Juneau',null,null,null,null,null,null,null,null,null,null,null,null,null,0,0,0,null,null,null,null,0,0,null,null,0,null,to_date('19-AUG-15','DD-MON-RR'),null,null,null,999999,999999,null,null,null,null,null,null,null,null,null,null,1);
Insert into TA (ID,FISCALYEAR,TANUMBER,EE,INSTATE,PHYSADDR,WARRANTADDR,PVN,TRAVELERNAME,TITLE,DEPT,DIV,BU,DUTYSTATION,HOMEADDRESS,HOMECITY,HOMESTATE,HOMEZIP,WORKDAYS,WORKTIME,DESTINATION,TRAVPREF,DEPARTUREFROM,DEPARTUREDATE,RETURNDATE,PURPOSE,ESTCOST,ACTUALSREQ,TRAVADV,PERSTRAV,PERSTRAVBEGIN,PERSTRAVEND,PERSTRAVAIRFARE,STATEAUTHTRV,HOTELINC,CARINC,CONFCOM,SUPERVISOR,ISSUBMITTED,SPECIALINST,CREATED,UPDATED,SUBMITTED,DELETED,TRAVELERID,PREPARERID,TRAVADVWN,TRAVADVWNAMT,ATMWITHDRAWAL,EDOCSID,EDOCSNAME,DESTINATIONTO,ESTIMATORID,TAXTRAVNONTAX,TAXTRAVTAXABLE,TAXTRAVTOTAL,PROCESSID) values (105,2016,'25-2016-00005',1,1,0,0,null,'ISSDTEST1','Test User','Transportation & Public Facilities','ISD-INFO SYS SVCS',null,'Juneau',null,null,null,null,null,null,null,null,null,null,null,null,null,0,0,0,null,null,null,null,0,0,null,null,1,null,to_date('19-AUG-15','DD-MON-RR'),null,to_date('19-AUG-15','DD-MON-RR'),null,999999,999999,null,null,null,null,null,null,null,null,null,null,2);
Insert into TA (ID,FISCALYEAR,TANUMBER,EE,INSTATE,PHYSADDR,WARRANTADDR,PVN,TRAVELERNAME,TITLE,DEPT,DIV,BU,DUTYSTATION,HOMEADDRESS,HOMECITY,HOMESTATE,HOMEZIP,WORKDAYS,WORKTIME,DESTINATION,TRAVPREF,DEPARTUREFROM,DEPARTUREDATE,RETURNDATE,PURPOSE,ESTCOST,ACTUALSREQ,TRAVADV,PERSTRAV,PERSTRAVBEGIN,PERSTRAVEND,PERSTRAVAIRFARE,STATEAUTHTRV,HOTELINC,CARINC,CONFCOM,SUPERVISOR,ISSUBMITTED,SPECIALINST,CREATED,UPDATED,SUBMITTED,DELETED,TRAVELERID,PREPARERID,TRAVADVWN,TRAVADVWNAMT,ATMWITHDRAWAL,EDOCSID,EDOCSNAME,DESTINATIONTO,ESTIMATORID,TAXTRAVNONTAX,TAXTRAVTAXABLE,TAXTRAVTOTAL,PROCESSID) values (136,null,null,1,1,0,0,null,'ISSDTEST1','Test User','Transportation & Public Facilities','ISD-INFO SYS SVCS',null,'Juneau',null,null,null,null,null,null,null,null,null,null,null,null,null,0,0,0,null,null,null,null,0,0,null,null,0,null,to_date('20-AUG-15','DD-MON-RR'),null,null,null,999999,999999,null,null,null,null,null,null,null,null,null,null,1);
Insert into TA (ID,FISCALYEAR,TANUMBER,EE,INSTATE,PHYSADDR,WARRANTADDR,PVN,TRAVELERNAME,TITLE,DEPT,DIV,BU,DUTYSTATION,HOMEADDRESS,HOMECITY,HOMESTATE,HOMEZIP,WORKDAYS,WORKTIME,DESTINATION,TRAVPREF,DEPARTUREFROM,DEPARTUREDATE,RETURNDATE,PURPOSE,ESTCOST,ACTUALSREQ,TRAVADV,PERSTRAV,PERSTRAVBEGIN,PERSTRAVEND,PERSTRAVAIRFARE,STATEAUTHTRV,HOTELINC,CARINC,CONFCOM,SUPERVISOR,ISSUBMITTED,SPECIALINST,CREATED,UPDATED,SUBMITTED,DELETED,TRAVELERID,PREPARERID,TRAVADVWN,TRAVADVWNAMT,ATMWITHDRAWAL,EDOCSID,EDOCSNAME,DESTINATIONTO,ESTIMATORID,TAXTRAVNONTAX,TAXTRAVTAXABLE,TAXTRAVTOTAL,PROCESSID) values (94,null,null,1,1,0,0,null,'ISSDTEST1','Test User','Transportation & Public Facilities','ISD-INFO SYS SVCS',null,'Juneau',null,null,null,null,null,null,null,null,null,null,null,null,null,0,0,0,null,null,null,null,0,0,null,null,0,null,to_date('18-AUG-15','DD-MON-RR'),null,null,to_date('18-AUG-15','DD-MON-RR'),999999,999999,null,null,null,null,null,'2015-08-18 10:46:05.922000000',null,null,null,null,0);
Insert into TA (ID,FISCALYEAR,TANUMBER,EE,INSTATE,PHYSADDR,WARRANTADDR,PVN,TRAVELERNAME,TITLE,DEPT,DIV,BU,DUTYSTATION,HOMEADDRESS,HOMECITY,HOMESTATE,HOMEZIP,WORKDAYS,WORKTIME,DESTINATION,TRAVPREF,DEPARTUREFROM,DEPARTUREDATE,RETURNDATE,PURPOSE,ESTCOST,ACTUALSREQ,TRAVADV,PERSTRAV,PERSTRAVBEGIN,PERSTRAVEND,PERSTRAVAIRFARE,STATEAUTHTRV,HOTELINC,CARINC,CONFCOM,SUPERVISOR,ISSUBMITTED,SPECIALINST,CREATED,UPDATED,SUBMITTED,DELETED,TRAVELERID,PREPARERID,TRAVADVWN,TRAVADVWNAMT,ATMWITHDRAWAL,EDOCSID,EDOCSNAME,DESTINATIONTO,ESTIMATORID,TAXTRAVNONTAX,TAXTRAVTAXABLE,TAXTRAVTOTAL,PROCESSID) values (95,null,null,1,1,0,0,null,'ISSDTEST1','Test User','Transportation & Public Facilities','ISD-INFO SYS SVCS',null,'Juneau',null,null,null,null,null,null,null,null,null,null,null,null,null,0,0,0,null,null,null,null,0,0,null,null,0,null,to_date('18-AUG-15','DD-MON-RR'),null,null,to_date('18-AUG-15','DD-MON-RR'),999999,999999,null,null,null,null,null,null,null,null,null,null,0);
Insert into TA (ID,FISCALYEAR,TANUMBER,EE,INSTATE,PHYSADDR,WARRANTADDR,PVN,TRAVELERNAME,TITLE,DEPT,DIV,BU,DUTYSTATION,HOMEADDRESS,HOMECITY,HOMESTATE,HOMEZIP,WORKDAYS,WORKTIME,DESTINATION,TRAVPREF,DEPARTUREFROM,DEPARTUREDATE,RETURNDATE,PURPOSE,ESTCOST,ACTUALSREQ,TRAVADV,PERSTRAV,PERSTRAVBEGIN,PERSTRAVEND,PERSTRAVAIRFARE,STATEAUTHTRV,HOTELINC,CARINC,CONFCOM,SUPERVISOR,ISSUBMITTED,SPECIALINST,CREATED,UPDATED,SUBMITTED,DELETED,TRAVELERID,PREPARERID,TRAVADVWN,TRAVADVWNAMT,ATMWITHDRAWAL,EDOCSID,EDOCSNAME,DESTINATIONTO,ESTIMATORID,TAXTRAVNONTAX,TAXTRAVTAXABLE,TAXTRAVTOTAL,PROCESSID) values (98,2016,'25-2016-00002',1,1,0,0,null,'ISSDTEST1','Test User','Transportation & Public Facilities','ISD-INFO SYS SVCS',null,'Juneau',null,null,null,null,null,null,null,null,null,null,null,null,null,0,0,0,null,null,null,null,0,0,null,null,1,null,to_date('18-AUG-15','DD-MON-RR'),null,to_date('18-AUG-15','DD-MON-RR'),null,999999,999999,null,null,null,null,null,null,null,null,null,null,2);
Insert into TA (ID,FISCALYEAR,TANUMBER,EE,INSTATE,PHYSADDR,WARRANTADDR,PVN,TRAVELERNAME,TITLE,DEPT,DIV,BU,DUTYSTATION,HOMEADDRESS,HOMECITY,HOMESTATE,HOMEZIP,WORKDAYS,WORKTIME,DESTINATION,TRAVPREF,DEPARTUREFROM,DEPARTUREDATE,RETURNDATE,PURPOSE,ESTCOST,ACTUALSREQ,TRAVADV,PERSTRAV,PERSTRAVBEGIN,PERSTRAVEND,PERSTRAVAIRFARE,STATEAUTHTRV,HOTELINC,CARINC,CONFCOM,SUPERVISOR,ISSUBMITTED,SPECIALINST,CREATED,UPDATED,SUBMITTED,DELETED,TRAVELERID,PREPARERID,TRAVADVWN,TRAVADVWNAMT,ATMWITHDRAWAL,EDOCSID,EDOCSNAME,DESTINATIONTO,ESTIMATORID,TAXTRAVNONTAX,TAXTRAVTAXABLE,TAXTRAVTOTAL,PROCESSID) values (99,2016,'25-2016-00003',1,1,0,0,null,'Jeremey P Hustman','Analyst/Programmer IV','Transportation & Public Facilities','ISD-INFO SYS SVCS','GP','Juneau',null,null,null,null,null,null,null,null,null,null,null,null,null,0,0,0,null,null,null,null,0,0,null,null,1,null,to_date('18-AUG-15','DD-MON-RR'),null,to_date('18-AUG-15','DD-MON-RR'),to_date('18-AUG-15','DD-MON-RR'),321333,999999,null,null,null,null,null,null,null,null,null,null,0);
Insert into TA (ID,FISCALYEAR,TANUMBER,EE,INSTATE,PHYSADDR,WARRANTADDR,PVN,TRAVELERNAME,TITLE,DEPT,DIV,BU,DUTYSTATION,HOMEADDRESS,HOMECITY,HOMESTATE,HOMEZIP,WORKDAYS,WORKTIME,DESTINATION,TRAVPREF,DEPARTUREFROM,DEPARTUREDATE,RETURNDATE,PURPOSE,ESTCOST,ACTUALSREQ,TRAVADV,PERSTRAV,PERSTRAVBEGIN,PERSTRAVEND,PERSTRAVAIRFARE,STATEAUTHTRV,HOTELINC,CARINC,CONFCOM,SUPERVISOR,ISSUBMITTED,SPECIALINST,CREATED,UPDATED,SUBMITTED,DELETED,TRAVELERID,PREPARERID,TRAVADVWN,TRAVADVWNAMT,ATMWITHDRAWAL,EDOCSID,EDOCSNAME,DESTINATIONTO,ESTIMATORID,TAXTRAVNONTAX,TAXTRAVTAXABLE,TAXTRAVTOTAL,PROCESSID) values (100,2016,'25-2016-00004',1,1,0,0,null,'Jeremey P Hustman','Analyst/Programmer IV','Transportation & Public Facilities','ISD-INFO SYS SVCS','GP','Juneau',null,null,null,null,null,null,null,null,null,null,null,null,null,0,0,0,null,null,null,null,0,0,null,null,1,null,to_date('18-AUG-15','DD-MON-RR'),null,to_date('18-AUG-15','DD-MON-RR'),to_date('18-AUG-15','DD-MON-RR'),321333,321333,null,null,null,null,null,null,null,null,null,null,0);
Insert into TA (ID,FISCALYEAR,TANUMBER,EE,INSTATE,PHYSADDR,WARRANTADDR,PVN,TRAVELERNAME,TITLE,DEPT,DIV,BU,DUTYSTATION,HOMEADDRESS,HOMECITY,HOMESTATE,HOMEZIP,WORKDAYS,WORKTIME,DESTINATION,TRAVPREF,DEPARTUREFROM,DEPARTUREDATE,RETURNDATE,PURPOSE,ESTCOST,ACTUALSREQ,TRAVADV,PERSTRAV,PERSTRAVBEGIN,PERSTRAVEND,PERSTRAVAIRFARE,STATEAUTHTRV,HOTELINC,CARINC,CONFCOM,SUPERVISOR,ISSUBMITTED,SPECIALINST,CREATED,UPDATED,SUBMITTED,DELETED,TRAVELERID,PREPARERID,TRAVADVWN,TRAVADVWNAMT,ATMWITHDRAWAL,EDOCSID,EDOCSNAME,DESTINATIONTO,ESTIMATORID,TAXTRAVNONTAX,TAXTRAVTAXABLE,TAXTRAVTOTAL,PROCESSID) values (101,null,null,1,1,0,0,null,'Jeremey P Hustman','Analyst/Programmer IV','Transportation & Public Facilities','ISD-INFO SYS SVCS','GP','Juneau',null,null,null,null,null,null,null,null,null,null,null,null,null,0,0,0,null,null,null,null,0,0,null,null,0,null,to_date('18-AUG-15','DD-MON-RR'),null,null,to_date('18-AUG-15','DD-MON-RR'),321333,321333,null,null,null,null,null,null,null,null,null,null,0);
Insert into TA (ID,FISCALYEAR,TANUMBER,EE,INSTATE,PHYSADDR,WARRANTADDR,PVN,TRAVELERNAME,TITLE,DEPT,DIV,BU,DUTYSTATION,HOMEADDRESS,HOMECITY,HOMESTATE,HOMEZIP,WORKDAYS,WORKTIME,DESTINATION,TRAVPREF,DEPARTUREFROM,DEPARTUREDATE,RETURNDATE,PURPOSE,ESTCOST,ACTUALSREQ,TRAVADV,PERSTRAV,PERSTRAVBEGIN,PERSTRAVEND,PERSTRAVAIRFARE,STATEAUTHTRV,HOTELINC,CARINC,CONFCOM,SUPERVISOR,ISSUBMITTED,SPECIALINST,CREATED,UPDATED,SUBMITTED,DELETED,TRAVELERID,PREPARERID,TRAVADVWN,TRAVADVWNAMT,ATMWITHDRAWAL,EDOCSID,EDOCSNAME,DESTINATIONTO,ESTIMATORID,TAXTRAVNONTAX,TAXTRAVTAXABLE,TAXTRAVTOTAL,PROCESSID) values (102,null,null,1,1,0,0,null,'ISSDTEST1','Test User','Transportation & Public Facilities','ISD-INFO SYS SVCS',null,'Juneau',null,null,null,null,null,null,null,null,null,null,null,null,null,0,0,0,null,null,null,null,0,0,null,null,0,null,to_date('18-AUG-15','DD-MON-RR'),null,null,null,999999,999999,null,null,null,null,null,null,null,null,null,null,1);
Insert into TA (ID,FISCALYEAR,TANUMBER,EE,INSTATE,PHYSADDR,WARRANTADDR,PVN,TRAVELERNAME,TITLE,DEPT,DIV,BU,DUTYSTATION,HOMEADDRESS,HOMECITY,HOMESTATE,HOMEZIP,WORKDAYS,WORKTIME,DESTINATION,TRAVPREF,DEPARTUREFROM,DEPARTUREDATE,RETURNDATE,PURPOSE,ESTCOST,ACTUALSREQ,TRAVADV,PERSTRAV,PERSTRAVBEGIN,PERSTRAVEND,PERSTRAVAIRFARE,STATEAUTHTRV,HOTELINC,CARINC,CONFCOM,SUPERVISOR,ISSUBMITTED,SPECIALINST,CREATED,UPDATED,SUBMITTED,DELETED,TRAVELERID,PREPARERID,TRAVADVWN,TRAVADVWNAMT,ATMWITHDRAWAL,EDOCSID,EDOCSNAME,DESTINATIONTO,ESTIMATORID,TAXTRAVNONTAX,TAXTRAVTAXABLE,TAXTRAVTOTAL,PROCESSID) values (109,2016,'25-2016-00009',1,1,0,0,null,'ISSDTEST1','Test User','Transportation & Public Facilities','ISD-INFO SYS SVCS',null,'Juneau',null,null,null,null,null,null,null,null,null,null,null,null,null,0,0,0,null,null,null,null,0,0,null,null,1,null,to_date('19-AUG-15','DD-MON-RR'),null,to_date('19-AUG-15','DD-MON-RR'),null,999999,999999,null,null,null,null,null,null,null,null,null,null,2);
Insert into TA (ID,FISCALYEAR,TANUMBER,EE,INSTATE,PHYSADDR,WARRANTADDR,PVN,TRAVELERNAME,TITLE,DEPT,DIV,BU,DUTYSTATION,HOMEADDRESS,HOMECITY,HOMESTATE,HOMEZIP,WORKDAYS,WORKTIME,DESTINATION,TRAVPREF,DEPARTUREFROM,DEPARTUREDATE,RETURNDATE,PURPOSE,ESTCOST,ACTUALSREQ,TRAVADV,PERSTRAV,PERSTRAVBEGIN,PERSTRAVEND,PERSTRAVAIRFARE,STATEAUTHTRV,HOTELINC,CARINC,CONFCOM,SUPERVISOR,ISSUBMITTED,SPECIALINST,CREATED,UPDATED,SUBMITTED,DELETED,TRAVELERID,PREPARERID,TRAVADVWN,TRAVADVWNAMT,ATMWITHDRAWAL,EDOCSID,EDOCSNAME,DESTINATIONTO,ESTIMATORID,TAXTRAVNONTAX,TAXTRAVTAXABLE,TAXTRAVTOTAL,PROCESSID) values (110,null,null,1,1,0,0,null,'King T Lam','Analyst/Programmer IV','Transportation & Public Facilities','ISD-INFO SYS SVCS','GP','Juneau',null,null,null,null,null,null,null,null,null,null,null,null,null,0,0,0,null,null,null,null,0,0,null,null,0,null,to_date('19-AUG-15','DD-MON-RR'),null,null,null,324131,999999,null,null,null,null,null,null,null,null,null,null,1);
REM INSERTING into TA_STATUS
SET DEFINE OFF;
Insert into TA_STATUS (ID,DESCRIPTION) values (1,'Pre-Trip');
Insert into TA_STATUS (ID,DESCRIPTION) values (2,'Trip');
Insert into TA_STATUS (ID,DESCRIPTION) values (3,'Post-Trip');
Insert into TA_STATUS (ID,DESCRIPTION) values (4,'Finalized');
REM INSERTING into TRW
SET DEFINE OFF;
REM INSERTING into WORKFLOW_PROCESSES
SET DEFINE OFF;
Insert into WORKFLOW_PROCESSES (ID,NAME) values (12,'Completed');
Insert into WORKFLOW_PROCESSES (ID,NAME) values (0,'Deleted');
Insert into WORKFLOW_PROCESSES (ID,NAME) values (1,'Start TA');
Insert into WORKFLOW_PROCESSES (ID,NAME) values (2,'Sent to Travel Planner');
Insert into WORKFLOW_PROCESSES (ID,NAME) values (3,'E-Travel Itinerary Research');
Insert into WORKFLOW_PROCESSES (ID,NAME) values (4,'Rejected');
Insert into WORKFLOW_PROCESSES (ID,NAME) values (5,'Waiting for Div Approval');
Insert into WORKFLOW_PROCESSES (ID,NAME) values (6,'Waiting for Dept Approval');
Insert into WORKFLOW_PROCESSES (ID,NAME) values (7,'Travel Envelope Preparation');
Insert into WORKFLOW_PROCESSES (ID,NAME) values (8,'Finalize TA');
Insert into WORKFLOW_PROCESSES (ID,NAME) values (9,'TA Submission');
Insert into WORKFLOW_PROCESSES (ID,NAME) values (10,'Reconciliation');
Insert into WORKFLOW_PROCESSES (ID,NAME) values (11,'Submit for Certification');
--------------------------------------------------------
--  DDL for Index OUTOFSTATE_PK
--------------------------------------------------------

  CREATE UNIQUE INDEX "OUTOFSTATE_PK" ON "OUTOFSTATE" ("ID")
--------------------------------------------------------
--  DDL for Index EXPENSE_PK
--------------------------------------------------------

  CREATE UNIQUE INDEX "EXPENSE_PK" ON "EXPENSE" ("ID")
--------------------------------------------------------
--  DDL for Index STAFFROLE_PK
--------------------------------------------------------

  CREATE UNIQUE INDEX "STAFFROLE_PK" ON "STAFF_ROLE" ("ID")
--------------------------------------------------------
--  DDL for Index TRW_PK
--------------------------------------------------------

  CREATE UNIQUE INDEX "TRW_PK" ON "TRW" ("ID")
--------------------------------------------------------
--  DDL for Index FINANCIALCODES_PK
--------------------------------------------------------

  CREATE UNIQUE INDEX "FINANCIALCODES_PK" ON "FINANCIAL_CODES" ("ID")
--------------------------------------------------------
--  DDL for Index TA_STATUS_PK
--------------------------------------------------------

  CREATE UNIQUE INDEX "TA_STATUS_PK" ON "TA_STATUS" ("ID")
--------------------------------------------------------
--  DDL for Index STAFF_PK
--------------------------------------------------------

  CREATE UNIQUE INDEX "STAFF_PK" ON "STAFF" ("ID")
--------------------------------------------------------
--  DDL for Index TAS_PK
--------------------------------------------------------

  CREATE UNIQUE INDEX "TAS_PK" ON "TA" ("ID")
--------------------------------------------------------
--  DDL for Index ETA_LOG_PK1
--------------------------------------------------------

  CREATE UNIQUE INDEX "ETA_LOG_PK1" ON "ETA_LOG" ("ID")
--------------------------------------------------------
--  DDL for Index ONECARD_PK
--------------------------------------------------------

  CREATE UNIQUE INDEX "ONECARD_PK" ON "ONECARD" ("ID")
--------------------------------------------------------
--  DDL for Index PERSON_PK
--------------------------------------------------------

  CREATE UNIQUE INDEX "PERSON_PK" ON "PERSON" ("EIN")
--------------------------------------------------------
--  DDL for Index WORKFLOW_PROCESSES_PK
--------------------------------------------------------

  CREATE UNIQUE INDEX "WORKFLOW_PROCESSES_PK" ON "WORKFLOW_PROCESSES" ("ID")
--------------------------------------------------------
--  Constraints for Table TRW
--------------------------------------------------------

  ALTER TABLE "TRW" ADD CONSTRAINT "TRW_PK" PRIMARY KEY ("ID") ENABLE
--------------------------------------------------------
--  Constraints for Table ETA_LOG
--------------------------------------------------------

  ALTER TABLE "ETA_LOG" ADD CONSTRAINT "ETA_LOG_PK" PRIMARY KEY ("ID") ENABLE
--------------------------------------------------------
--  Constraints for Table WORKFLOW_PROCESSES
--------------------------------------------------------

  ALTER TABLE "WORKFLOW_PROCESSES" ADD CONSTRAINT "WORKFLOW_PROCESSES_PK" PRIMARY KEY ("ID") ENABLE
--------------------------------------------------------
--  Constraints for Table EXPENSE
--------------------------------------------------------

  ALTER TABLE "EXPENSE" ADD CONSTRAINT "EXPENSE_PK" PRIMARY KEY ("ID") ENABLE
--------------------------------------------------------
--  Constraints for Table STAFF
--------------------------------------------------------

  ALTER TABLE "STAFF" ADD CONSTRAINT "STAFF_CHK1" CHECK (notify in ('N','Y')) ENABLE
 
  ALTER TABLE "STAFF" ADD CONSTRAINT "STAFF_PK" PRIMARY KEY ("ID") ENABLE
--------------------------------------------------------
--  Constraints for Table TA
--------------------------------------------------------

  ALTER TABLE "TA" ADD CONSTRAINT "TAS_PK" PRIMARY KEY ("ID") ENABLE
--------------------------------------------------------
--  Constraints for Table PERSON
--------------------------------------------------------

  ALTER TABLE "PERSON" ADD CONSTRAINT "PERSON_PK" PRIMARY KEY ("EIN") ENABLE
--------------------------------------------------------
--  Constraints for Table TA_STATUS
--------------------------------------------------------

  ALTER TABLE "TA_STATUS" ADD CONSTRAINT "TA_STATUS_PK" PRIMARY KEY ("ID") ENABLE
--------------------------------------------------------
--  Constraints for Table STAFF_ROLE
--------------------------------------------------------

  ALTER TABLE "STAFF_ROLE" ADD CONSTRAINT "STAFFROLE_PK" PRIMARY KEY ("ID") ENABLE
--------------------------------------------------------
--  Constraints for Table OUTOFSTATE
--------------------------------------------------------

  ALTER TABLE "OUTOFSTATE" ADD CONSTRAINT "OUTOFSTATE_PK" PRIMARY KEY ("ID") ENABLE
--------------------------------------------------------
--  Constraints for Table ONECARD
--------------------------------------------------------

  ALTER TABLE "ONECARD" ADD CONSTRAINT "ONECARD_PK" PRIMARY KEY ("ID") ENABLE
--------------------------------------------------------
--  Constraints for Table FINANCIAL_CODES
--------------------------------------------------------

  ALTER TABLE "FINANCIAL_CODES" ADD CONSTRAINT "FINANCIALCODES_PK" PRIMARY KEY ("ID") ENABLE
--------------------------------------------------------
--  Ref Constraints for Table ETA_LOG
--------------------------------------------------------

  ALTER TABLE "ETA_LOG" ADD CONSTRAINT "ETA_LOG_FK1" FOREIGN KEY ("TRAVELERID") REFERENCES "PERSON" ("EIN") ENABLE
 
  ALTER TABLE "ETA_LOG" ADD CONSTRAINT "ETA_LOG_FK2" FOREIGN KEY ("TAID") REFERENCES "TA" ("ID") ENABLE
 
  ALTER TABLE "ETA_LOG" ADD CONSTRAINT "ETA_LOG_FK3" FOREIGN KEY ("PROCESSID") REFERENCES "WORKFLOW_PROCESSES" ("ID") ENABLE
 
  ALTER TABLE "ETA_LOG" ADD CONSTRAINT "ETA_LOG_FK4" FOREIGN KEY ("STATUSID") REFERENCES "TA_STATUS" ("ID") ENABLE
 
  ALTER TABLE "ETA_LOG" ADD CONSTRAINT "ETA_LOG_FK5" FOREIGN KEY ("STAFFID") REFERENCES "STAFF" ("ID") ENABLE
 
  ALTER TABLE "ETA_LOG" ADD CONSTRAINT "ETA_LOG_FK6" FOREIGN KEY ("APPROVERID") REFERENCES "STAFF" ("ID") ENABLE
 
  ALTER TABLE "ETA_LOG" ADD CONSTRAINT "ETA_LOG_FK7" FOREIGN KEY ("PREPARERID") REFERENCES "PERSON" ("EIN") ENABLE
--------------------------------------------------------
--  Ref Constraints for Table EXPENSE
--------------------------------------------------------

  ALTER TABLE "EXPENSE" ADD CONSTRAINT "EXPENSE_FK1" FOREIGN KEY ("TAID") REFERENCES "TA" ("ID") ENABLE
--------------------------------------------------------
--  Ref Constraints for Table FINANCIAL_CODES
--------------------------------------------------------

  ALTER TABLE "FINANCIAL_CODES" ADD CONSTRAINT "FINANCIALCODES_FK1" FOREIGN KEY ("TAID") REFERENCES "TA" ("ID") ENABLE
--------------------------------------------------------
--  Ref Constraints for Table ONECARD
--------------------------------------------------------

  ALTER TABLE "ONECARD" ADD CONSTRAINT "ONECARD_FK1" FOREIGN KEY ("TAID") REFERENCES "TA" ("ID") ENABLE
--------------------------------------------------------
--  Ref Constraints for Table OUTOFSTATE
--------------------------------------------------------

  ALTER TABLE "OUTOFSTATE" ADD CONSTRAINT "OUTOFSTATE_FK1" FOREIGN KEY ("TAID") REFERENCES "TA" ("ID") ENABLE
--------------------------------------------------------
--  Ref Constraints for Table STAFF
--------------------------------------------------------

  ALTER TABLE "STAFF" ADD CONSTRAINT "STAFF_FK1" FOREIGN KEY ("STAFFROLEID") REFERENCES "STAFF_ROLE" ("ID") ENABLE
--------------------------------------------------------
--  Ref Constraints for Table TA
--------------------------------------------------------

  ALTER TABLE "TA" ADD CONSTRAINT "TA_FK1" FOREIGN KEY ("TRAVELERID") REFERENCES "PERSON" ("EIN") ENABLE
 
  ALTER TABLE "TA" ADD CONSTRAINT "TA_FK2" FOREIGN KEY ("ESTIMATORID") REFERENCES "STAFF" ("ID") ENABLE
 
  ALTER TABLE "TA" ADD CONSTRAINT "TA_FK3" FOREIGN KEY ("PREPARERID") REFERENCES "PERSON" ("EIN") ENABLE
 
  ALTER TABLE "TA" ADD CONSTRAINT "TA_FK4" FOREIGN KEY ("PROCESSID") REFERENCES "WORKFLOW_PROCESSES" ("ID") ENABLE
--------------------------------------------------------
--  DDL for Trigger ETA_LOG
--------------------------------------------------------

  CREATE OR REPLACE TRIGGER "ETA_LOG" 
   for each row 
begin  
   if inserting then 
      if :NEW."ID" is null then 
         select ETA_LOG_SEQ.nextval into :NEW."ID" from dual; 
      end if; 
   end if; 
end;

ALTER TRIGGER "ETA_LOG" ENABLE
--------------------------------------------------------
--  DDL for Trigger EXPENSE_TRG
--------------------------------------------------------

  CREATE OR REPLACE TRIGGER "EXPENSE_TRG" 
BEFORE INSERT ON EXPENSE 
FOR EACH ROW 
BEGIN
  <<COLUMN_SEQUENCES>>
  BEGIN
    NULL;
  END COLUMN_SEQUENCES;
END;
ALTER TRIGGER "EXPENSE_TRG" ENABLE
--------------------------------------------------------
--  DDL for Trigger FINANCIAL_CODES_TRG
--------------------------------------------------------

  CREATE OR REPLACE TRIGGER "FINANCIAL_CODES_TRG" 
BEFORE INSERT ON FINANCIAL_CODES 
FOR EACH ROW 
BEGIN
  <<COLUMN_SEQUENCES>>
  BEGIN
    NULL;
  END COLUMN_SEQUENCES;
END;
ALTER TRIGGER "FINANCIAL_CODES_TRG" ENABLE
--------------------------------------------------------
--  DDL for Trigger ONECARD_TRG
--------------------------------------------------------

  CREATE OR REPLACE TRIGGER "ONECARD_TRG" 
BEFORE INSERT ON ONECARD 
FOR EACH ROW 
BEGIN
  <<COLUMN_SEQUENCES>>
  BEGIN
    NULL;
  END COLUMN_SEQUENCES;
END;
ALTER TRIGGER "ONECARD_TRG" ENABLE
--------------------------------------------------------
--  DDL for Trigger OUTOFSTATE_TRG
--------------------------------------------------------

  CREATE OR REPLACE TRIGGER "OUTOFSTATE_TRG" 
BEFORE INSERT ON OUTOFSTATE 
FOR EACH ROW 
BEGIN
  <<COLUMN_SEQUENCES>>
  BEGIN
    NULL;
  END COLUMN_SEQUENCES;
END;
ALTER TRIGGER "OUTOFSTATE_TRG" ENABLE
--------------------------------------------------------
--  DDL for Trigger TA_TRG
--------------------------------------------------------

  CREATE OR REPLACE TRIGGER "TA_TRG" 
  BEFORE INSERT ON "TA"
  REFERENCING FOR EACH ROW
  BEGIN
  <<COLUMN_SEQUENCES>>
  BEGIN
    IF INSERTING AND :NEW.ID IS NULL THEN
      SELECT TA_SEQ.NEXTVAL INTO :NEW.ID FROM SYS.DUAL;
    END IF;
  END COLUMN_SEQUENCES;
END;
ALTER TRIGGER "TA_TRG" ENABLE
--------------------------------------------------------
--  DDL for Trigger TA_TRG1
--------------------------------------------------------

  CREATE OR REPLACE TRIGGER "TA_TRG1" 
BEFORE INSERT ON TA 
FOR EACH ROW 
BEGIN
  <<COLUMN_SEQUENCES>>
  BEGIN
    NULL;
  END COLUMN_SEQUENCES;
END;
ALTER TRIGGER "TA_TRG1" ENABLE
--------------------------------------------------------
--  DDL for Trigger TA_TRG2
--------------------------------------------------------

  CREATE OR REPLACE TRIGGER "TA_TRG2" 
BEFORE INSERT ON TA 
FOR EACH ROW 
BEGIN
  <<COLUMN_SEQUENCES>>
  BEGIN
    NULL;
  END COLUMN_SEQUENCES;
END;
ALTER TRIGGER "TA_TRG2" ENABLE
--------------------------------------------------------
--  DDL for Trigger TRW_TRG
--------------------------------------------------------

  CREATE OR REPLACE TRIGGER "TRW_TRG" 
  BEFORE INSERT ON "TRW"
  REFERENCING FOR EACH ROW
  BEGIN
  <<COLUMN_SEQUENCES>>
  BEGIN
    NULL;
  END COLUMN_SEQUENCES;
END;
ALTER TRIGGER "TRW_TRG" ENABLE
--------------------------------------------------------
--  DDL for Function SQUIRREL_GET_ERROR_OFFSET
--------------------------------------------------------

  CREATE OR REPLACE FUNCTION "SQUIRREL_GET_ERROR_OFFSET" (query IN varchar2) return number authid current_user is      l_theCursor     integer default dbms_sql.open_cursor;      l_status        integer; begin          begin          dbms_sql.parse(  l_theCursor, query, dbms_sql.native );          exception                  when others then l_status := dbms_sql.last_error_position;          end;          dbms_sql.close_cursor( l_theCursor );          return l_status; end;
