--------------------------------------------------------
--  File created - Friday-May-15-2015   
--------------------------------------------------------
DROP TABLE "ETADEV"."EXPENSE";
DROP TABLE "ETADEV"."FINANCIAL_CODES";
DROP TABLE "ETADEV"."ONECARD";
DROP TABLE "ETADEV"."OUTOFSTATE";
DROP TABLE "ETADEV"."PERSON";
DROP TABLE "ETADEV"."STAFF";
DROP TABLE "ETADEV"."STAFF_ROLE";
DROP TABLE "ETADEV"."TA";
DROP TABLE "ETADEV"."TA_PROCESSES";
DROP TABLE "ETADEV"."TA_STATUS";
DROP TABLE "ETADEV"."TRW";
DROP TABLE "ETADEV"."WORKFLOW_PROCESSES";
DROP SEQUENCE "ETADEV"."EXPENSE_SEQ";
DROP SEQUENCE "ETADEV"."FINANCIAL_CODES_SEQ";
DROP SEQUENCE "ETADEV"."ONECARD_SEQ";
DROP SEQUENCE "ETADEV"."OUTOFSTATE_SEQ";
DROP SEQUENCE "ETADEV"."PERSON_SEQ";
DROP SEQUENCE "ETADEV"."TA_PROCESSES_SEQ";
DROP SEQUENCE "ETADEV"."TA_SEQ";
DROP SEQUENCE "ETADEV"."TA_SEQ1";
DROP SEQUENCE "ETADEV"."TRW_SEQ";
--------------------------------------------------------
--  DDL for Sequence EXPENSE_SEQ
--------------------------------------------------------

   CREATE SEQUENCE  "ETADEV"."EXPENSE_SEQ"  MINVALUE 1 MAXVALUE 9999999999999999999999999999 INCREMENT BY 1 START WITH 181 CACHE 20 NOORDER  NOCYCLE ;
--------------------------------------------------------
--  DDL for Sequence FINANCIAL_CODES_SEQ
--------------------------------------------------------

   CREATE SEQUENCE  "ETADEV"."FINANCIAL_CODES_SEQ"  MINVALUE 1 MAXVALUE 9999999999999999999999999999 INCREMENT BY 1 START WITH 81 CACHE 20 NOORDER  NOCYCLE ;
--------------------------------------------------------
--  DDL for Sequence ONECARD_SEQ
--------------------------------------------------------

   CREATE SEQUENCE  "ETADEV"."ONECARD_SEQ"  MINVALUE 1 MAXVALUE 9999999999999999999999999999 INCREMENT BY 1 START WITH 181 CACHE 20 NOORDER  NOCYCLE ;
--------------------------------------------------------
--  DDL for Sequence OUTOFSTATE_SEQ
--------------------------------------------------------

   CREATE SEQUENCE  "ETADEV"."OUTOFSTATE_SEQ"  MINVALUE 1 MAXVALUE 9999999999999999999999999999 INCREMENT BY 1 START WITH 41 CACHE 20 NOORDER  NOCYCLE ;
--------------------------------------------------------
--  DDL for Sequence PERSON_SEQ
--------------------------------------------------------

   CREATE SEQUENCE  "ETADEV"."PERSON_SEQ"  MINVALUE 1 MAXVALUE 9999999999999999999999999999 INCREMENT BY 1 START WITH 361 CACHE 20 NOORDER  NOCYCLE ;
--------------------------------------------------------
--  DDL for Sequence TA_PROCESSES_SEQ
--------------------------------------------------------

   CREATE SEQUENCE  "ETADEV"."TA_PROCESSES_SEQ"  MINVALUE 1 MAXVALUE 9999999999999999999999999999 INCREMENT BY 1 START WITH 381 CACHE 20 NOORDER  NOCYCLE ;
--------------------------------------------------------
--  DDL for Sequence TA_SEQ
--------------------------------------------------------

   CREATE SEQUENCE  "ETADEV"."TA_SEQ"  MINVALUE 1 MAXVALUE 9999999999999999999999999999 INCREMENT BY 1 START WITH 21 CACHE 20 NOORDER  NOCYCLE ;
--------------------------------------------------------
--  DDL for Sequence TA_SEQ1
--------------------------------------------------------

   CREATE SEQUENCE  "ETADEV"."TA_SEQ1"  MINVALUE 1 MAXVALUE 9999999999999999999999999999 INCREMENT BY 1 START WITH 461 CACHE 20 NOORDER  NOCYCLE ;
--------------------------------------------------------
--  DDL for Sequence TRW_SEQ
--------------------------------------------------------

   CREATE SEQUENCE  "ETADEV"."TRW_SEQ"  MINVALUE 1 MAXVALUE 9999999999999999999999999999 INCREMENT BY 1 START WITH 181 CACHE 20 NOORDER  NOCYCLE ;
--------------------------------------------------------
--  DDL for Table EXPENSE
--------------------------------------------------------

  CREATE TABLE "ETADEV"."EXPENSE" 
   (	"ID" NUMBER(10,0), 
	"EXPENSEDATE" VARCHAR2(25 CHAR), 
	"EXPLANATION" VARCHAR2(512 CHAR), 
	"MEALS" VARCHAR2(25 CHAR), 
	"FACILITY" VARCHAR2(25 CHAR), 
	"MILES" NUMBER(10,2), 
	"SURFMILEAGE" NUMBER(10,2), 
	"OTHERTRANS" NUMBER(10,2), 
	"LODGING" NUMBER(10,2), 
	"MIE" NUMBER(10,2), 
	"OTHER" NUMBER(10,2), 
	"FK_TAID" NUMBER(10,0)
   ) PCTFREE 10 PCTUSED 40 INITRANS 1 MAXTRANS 255 NOCOMPRESS LOGGING
  STORAGE(INITIAL 65536 NEXT 1048576 MINEXTENTS 1 MAXEXTENTS 2147483645
  PCTINCREASE 0 FREELISTS 1 FREELIST GROUPS 1 BUFFER_POOL DEFAULT)
  TABLESPACE "TRAVAUTH_DATA" ;
--------------------------------------------------------
--  DDL for Table FINANCIAL_CODES
--------------------------------------------------------

  CREATE TABLE "ETADEV"."FINANCIAL_CODES" 
   (	"ID" NUMBER(10,0), 
	"CODE" VARCHAR2(45 CHAR), 
	"FK_TAID" NUMBER(10,0)
   ) PCTFREE 10 PCTUSED 40 INITRANS 1 MAXTRANS 255 NOCOMPRESS LOGGING
  STORAGE(INITIAL 65536 NEXT 1048576 MINEXTENTS 1 MAXEXTENTS 2147483645
  PCTINCREASE 0 FREELISTS 1 FREELIST GROUPS 1 BUFFER_POOL DEFAULT)
  TABLESPACE "TRAVAUTH_DATA" ;
--------------------------------------------------------
--  DDL for Table ONECARD
--------------------------------------------------------

  CREATE TABLE "ETADEV"."ONECARD" 
   (	"ID" NUMBER, 
	"TYPE" VARCHAR2(5 CHAR), 
	"AKSASREFID" VARCHAR2(3 CHAR), 
	"REFINVNUMBER" VARCHAR2(25 CHAR), 
	"VENDORPVNDESC" VARCHAR2(100 CHAR), 
	"AMOUNT" NUMBER(10,2), 
	"DATEPAID" DATE, 
	"AKSASACCT" VARCHAR2(25 CHAR), 
	"AKSASBATCHNUM" VARCHAR2(25 CHAR), 
	"FK_TAID" NUMBER(10,0)
   ) PCTFREE 10 PCTUSED 40 INITRANS 1 MAXTRANS 255 NOCOMPRESS LOGGING
  STORAGE(INITIAL 65536 NEXT 1048576 MINEXTENTS 1 MAXEXTENTS 2147483645
  PCTINCREASE 0 FREELISTS 1 FREELIST GROUPS 1 BUFFER_POOL DEFAULT)
  TABLESPACE "TRAVAUTH_DATA" ;
--------------------------------------------------------
--  DDL for Table OUTOFSTATE
--------------------------------------------------------

  CREATE TABLE "ETADEV"."OUTOFSTATE" 
   (	"ID" NUMBER, 
	"CONFNAME" VARCHAR2(128 BYTE), 
	"GOAL" VARCHAR2(1024 BYTE), 
	"LOCALOPTION" CHAR(1 BYTE) DEFAULT NULL, 
	"LOCALOPTIONREASON" VARCHAR2(1024 BYTE), 
	"BENEFICIAL" VARCHAR2(1024 BYTE), 
	"SHARING" VARCHAR2(1024 BYTE), 
	"GROUPABLE" CHAR(1 BYTE) DEFAULT NULL, 
	"DEBRIEF" CHAR(1 BYTE) DEFAULT NULL, 
	"COMMENTS" VARCHAR2(1024 BYTE), 
	"FK_TAID" NUMBER
   ) PCTFREE 10 PCTUSED 40 INITRANS 1 MAXTRANS 255 NOCOMPRESS LOGGING
  STORAGE(INITIAL 65536 NEXT 1048576 MINEXTENTS 1 MAXEXTENTS 2147483645
  PCTINCREASE 0 FREELISTS 1 FREELIST GROUPS 1 BUFFER_POOL DEFAULT)
  TABLESPACE "TRAVAUTH_DATA" ;
--------------------------------------------------------
--  DDL for Table PERSON
--------------------------------------------------------

  CREATE TABLE "ETADEV"."PERSON" 
   (	"ID" NUMBER(10,0), 
	"USERNAME" VARCHAR2(20 CHAR), 
	"DIDLOGIN" NUMBER DEFAULT 0, 
	"EIN" NUMBER
   ) PCTFREE 10 PCTUSED 40 INITRANS 1 MAXTRANS 255 NOCOMPRESS LOGGING
  STORAGE(INITIAL 65536 NEXT 1048576 MINEXTENTS 1 MAXEXTENTS 2147483645
  PCTINCREASE 0 FREELISTS 1 FREELIST GROUPS 1 BUFFER_POOL DEFAULT)
  TABLESPACE "TRAVAUTH_DATA" ;
--------------------------------------------------------
--  DDL for Table STAFF
--------------------------------------------------------

  CREATE TABLE "ETADEV"."STAFF" 
   (	"ID" NUMBER(10,0), 
	"FIRSTNAME" VARCHAR2(45 CHAR), 
	"LASTNAME" VARCHAR2(45 CHAR), 
	"EMAIL" VARCHAR2(45 CHAR), 
	"DATEJOINED" DATE, 
	"DATELEFT" DATE, 
	"OTHERDETAILS" VARCHAR2(255 CHAR), 
	"FK_STAFFROLEID" NUMBER(10,0), 
	"NOTIFY" CHAR(1 CHAR)
   ) PCTFREE 10 PCTUSED 40 INITRANS 1 MAXTRANS 255 NOCOMPRESS LOGGING
  STORAGE(INITIAL 65536 NEXT 1048576 MINEXTENTS 1 MAXEXTENTS 2147483645
  PCTINCREASE 0 FREELISTS 1 FREELIST GROUPS 1 BUFFER_POOL DEFAULT)
  TABLESPACE "TRAVAUTH_DATA" ;
--------------------------------------------------------
--  DDL for Table STAFF_ROLE
--------------------------------------------------------

  CREATE TABLE "ETADEV"."STAFF_ROLE" 
   (	"ID" NUMBER(10,0), 
	"DESCRIPTION" VARCHAR2(255 CHAR)
   ) PCTFREE 10 PCTUSED 40 INITRANS 1 MAXTRANS 255 NOCOMPRESS LOGGING
  STORAGE(INITIAL 65536 NEXT 1048576 MINEXTENTS 1 MAXEXTENTS 2147483645
  PCTINCREASE 0 FREELISTS 1 FREELIST GROUPS 1 BUFFER_POOL DEFAULT)
  TABLESPACE "TRAVAUTH_DATA" ;
--------------------------------------------------------
--  DDL for Table TA
--------------------------------------------------------

  CREATE TABLE "ETADEV"."TA" 
   (	"ID" NUMBER(10,0), 
	"FISCALYEAR" NUMBER(4,0), 
	"TANUMBER" VARCHAR2(30 CHAR), 
	"EE" NUMBER(1,0), 
	"INSTATE" NUMBER(1,0), 
	"PHYSADDR" NUMBER(1,0), 
	"WARRANTADDR" NUMBER(1,0), 
	"EIN" NUMBER(10,0), 
	"PVN" VARCHAR2(20 CHAR), 
	"TRAVELERNAME" VARCHAR2(100 CHAR), 
	"TITLE" VARCHAR2(100 CHAR), 
	"DEPT" VARCHAR2(100 CHAR), 
	"DIV" VARCHAR2(100 CHAR), 
	"BU" VARCHAR2(100 CHAR), 
	"DUTYSTATION" VARCHAR2(100 CHAR), 
	"HOMEADDRESS" VARCHAR2(100 CHAR), 
	"HOMECITY" VARCHAR2(45 CHAR), 
	"HOMESTATE" VARCHAR2(20 CHAR), 
	"HOMEZIP" VARCHAR2(10 CHAR), 
	"WORKDAYS" VARCHAR2(45 CHAR), 
	"WORKTIME" VARCHAR2(45 CHAR), 
	"DESTINATION" VARCHAR2(512 CHAR), 
	"TRAVPREF" VARCHAR2(512 CHAR), 
	"DEPARTUREFROM" VARCHAR2(60 CHAR), 
	"DEPARTUREDATE" DATE, 
	"RETURNDATE" DATE, 
	"PURPOSE" VARCHAR2(1024 CHAR), 
	"ESTCOST" NUMBER(10,2), 
	"ACTUALSREQ" NUMBER(1,0), 
	"TRAVADV" NUMBER(1,0), 
	"PERSTRAV" NUMBER(1,0), 
	"PERSTRAVBEGIN" DATE, 
	"PERSTRAVEND" DATE, 
	"PERSTRAVAIRFARE" NUMBER(6,2), 
	"STATEAUTHTRV" VARCHAR2(1000 CHAR), 
	"HOTELINC" NUMBER(1,0), 
	"CARINC" NUMBER(1,0), 
	"CONFCOM" VARCHAR2(1000 CHAR), 
	"SUPERVISOR" VARCHAR2(50 CHAR), 
	"ISSUBMITTED" NUMBER(1,0), 
	"SPECIALINST" VARCHAR2(1000 CHAR), 
	"CREATED" DATE, 
	"UPDATED" DATE, 
	"SUBMITTED" DATE, 
	"DELETED" DATE, 
	"FK_USERID" NUMBER(*,0), 
	"FK_PREPARERID" NUMBER(*,0), 
	"TRAVADVWN" VARCHAR2(20 CHAR), 
	"TRAVADVWNAMT" NUMBER(10,2), 
	"ATMWITHDRAWAL" NUMBER(10,2), 
	"EDOCSID" VARCHAR2(20 CHAR), 
	"EDOCSNAME" VARCHAR2(20 CHAR), 
	"DESTINATIONTO" VARCHAR2(512 CHAR), 
	"FK_ESTIMATOR" NUMBER(7,0), 
	"TAXTRAVNONTAX" NUMBER(*,2), 
	"TAXTRAVTAXABLE" NUMBER, 
	"TAXTRAVTOTAL" NUMBER
   ) PCTFREE 10 PCTUSED 40 INITRANS 1 MAXTRANS 255 NOCOMPRESS LOGGING
  STORAGE(INITIAL 65536 NEXT 1048576 MINEXTENTS 1 MAXEXTENTS 2147483645
  PCTINCREASE 0 FREELISTS 1 FREELIST GROUPS 1 BUFFER_POOL DEFAULT)
  TABLESPACE "TRAVAUTH_DATA" ;
--------------------------------------------------------
--  DDL for Table TA_PROCESSES
--------------------------------------------------------

  CREATE TABLE "ETADEV"."TA_PROCESSES" 
   (	"CREATED" DATE, 
	"FK_STATUS" NUMBER(10,0), 
	"FK_PROCESS" NUMBER(10,0), 
	"FK_TAID" NUMBER(10,0), 
	"FK_PERSON" NUMBER, 
	"ID" NUMBER, 
	"FK_STAFFID" NUMBER, 
	"APPROVED" NUMBER(1,0) DEFAULT 0, 
	"DETAILS" VARCHAR2(512 CHAR), 
	"FK_APPROVER" NUMBER
   ) PCTFREE 10 PCTUSED 40 INITRANS 1 MAXTRANS 255 NOCOMPRESS LOGGING
  STORAGE(INITIAL 65536 NEXT 1048576 MINEXTENTS 1 MAXEXTENTS 2147483645
  PCTINCREASE 0 FREELISTS 1 FREELIST GROUPS 1 BUFFER_POOL DEFAULT)
  TABLESPACE "TRAVAUTH_DATA" ;
--------------------------------------------------------
--  DDL for Table TA_STATUS
--------------------------------------------------------

  CREATE TABLE "ETADEV"."TA_STATUS" 
   (	"ID" NUMBER(10,0), 
	"DESCRIPTION" VARCHAR2(255 CHAR)
   ) PCTFREE 10 PCTUSED 40 INITRANS 1 MAXTRANS 255 NOCOMPRESS LOGGING
  STORAGE(INITIAL 65536 NEXT 1048576 MINEXTENTS 1 MAXEXTENTS 2147483645
  PCTINCREASE 0 FREELISTS 1 FREELIST GROUPS 1 BUFFER_POOL DEFAULT)
  TABLESPACE "TRAVAUTH_DATA" ;
--------------------------------------------------------
--  DDL for Table TRW
--------------------------------------------------------

  CREATE TABLE "ETADEV"."TRW" 
   (	"ID" NUMBER, 
	"FIN" NUMBER, 
	"TYPE" VARCHAR2(8 CHAR), 
	"AMOUNT" NUMBER, 
	"AKSASACCT" VARCHAR2(5 BYTE), 
	"FK_TAID" NUMBER
   ) PCTFREE 10 PCTUSED 40 INITRANS 1 MAXTRANS 255 NOCOMPRESS LOGGING
  STORAGE(INITIAL 65536 NEXT 1048576 MINEXTENTS 1 MAXEXTENTS 2147483645
  PCTINCREASE 0 FREELISTS 1 FREELIST GROUPS 1 BUFFER_POOL DEFAULT)
  TABLESPACE "TRAVAUTH_DATA" ;
--------------------------------------------------------
--  DDL for Table WORKFLOW_PROCESSES
--------------------------------------------------------

  CREATE TABLE "ETADEV"."WORKFLOW_PROCESSES" 
   (	"ID" NUMBER(10,0), 
	"NAME" VARCHAR2(45 CHAR)
   ) PCTFREE 10 PCTUSED 40 INITRANS 1 MAXTRANS 255 NOCOMPRESS LOGGING
  STORAGE(INITIAL 65536 NEXT 1048576 MINEXTENTS 1 MAXEXTENTS 2147483645
  PCTINCREASE 0 FREELISTS 1 FREELIST GROUPS 1 BUFFER_POOL DEFAULT)
  TABLESPACE "TRAVAUTH_DATA" ;
REM INSERTING into ETADEV.EXPENSE
SET DEFINE OFF;
Insert into ETADEV.EXPENSE (ID,EXPENSEDATE,EXPLANATION,MEALS,FACILITY,MILES,SURFMILEAGE,OTHERTRANS,LODGING,MIE,OTHER,FK_TAID) values (161,'11/02/2014','Depart JNU 1:32pm flight 65
arrive ANC 3:26pm L/D',null,null,0,0,0,0,48,0,412);
Insert into ETADEV.EXPENSE (ID,EXPENSEDATE,EXPLANATION,MEALS,FACILITY,MILES,SURFMILEAGE,OTHERTRANS,LODGING,MIE,OTHER,FK_TAID) values (162,'11/3-11/6/14','B/L/D',null,null,0,0,0,0,240,0,412);
Insert into ETADEV.EXPENSE (ID,EXPENSEDATE,EXPLANATION,MEALS,FACILITY,MILES,SURFMILEAGE,OTHERTRANS,LODGING,MIE,OTHER,FK_TAID) values (163,'11/07/2014','Depart ANC 7:55pm flight 70
Arrive JNU 9:32pm B/L/D',null,null,0,0,0,0,60,0,412);
REM INSERTING into ETADEV.FINANCIAL_CODES
SET DEFINE OFF;
REM INSERTING into ETADEV.ONECARD
SET DEFINE OFF;
Insert into ETADEV.ONECARD (ID,TYPE,AKSASREFID,REFINVNUMBER,VENDORPVNDESC,AMOUNT,DATEPAID,AKSASACCT,AKSASBATCHNUM,FK_TAID) values (161,'AIR','TKT','0277496832176','Alaska Air',326.9,to_date('29-SEP-14','DD-MON-RR'),'72111','B159078-6',412);
Insert into ETADEV.ONECARD (ID,TYPE,AKSASREFID,REFINVNUMBER,VENDORPVNDESC,AMOUNT,DATEPAID,AKSASACCT,AKSASBATCHNUM,FK_TAID) values (162,'COMM','TKT','8900625995828','US Travel',9.04,to_date('29-SEP-14','DD-MON-RR'),'73819','B159078-7',412);
Insert into ETADEV.ONECARD (ID,TYPE,AKSASREFID,REFINVNUMBER,VENDORPVNDESC,AMOUNT,DATEPAID,AKSASACCT,AKSASBATCHNUM,FK_TAID) values (163,'LODG','LOD','61163','Residence Inn Marriott',495,to_date('07-NOV-14','DD-MON-RR'),'72113',null,412);
Insert into ETADEV.ONECARD (ID,TYPE,AKSASREFID,REFINVNUMBER,VENDORPVNDESC,AMOUNT,DATEPAID,AKSASACCT,AKSASBATCHNUM,FK_TAID) values (164,'SURF','CAR',null,'Budget-Paid w/Rachel''s One Card',0,null,'72112',null,412);
REM INSERTING into ETADEV.OUTOFSTATE
SET DEFINE OFF;
REM INSERTING into ETADEV.PERSON
SET DEFINE OFF;
Insert into ETADEV.PERSON (ID,USERNAME,DIDLOGIN,EIN) values (341,'jegotschall',0,250468);
Insert into ETADEV.PERSON (ID,USERNAME,DIDLOGIN,EIN) values (1,'nonEmp',0,999999);
Insert into ETADEV.PERSON (ID,USERNAME,DIDLOGIN,EIN) values (182,'bmweideman',1,325417);
Insert into ETADEV.PERSON (ID,USERNAME,DIDLOGIN,EIN) values (261,'jmstrafford',0,325275);
Insert into ETADEV.PERSON (ID,USERNAME,DIDLOGIN,EIN) values (262,'arholland',0,257377);
Insert into ETADEV.PERSON (ID,USERNAME,DIDLOGIN,EIN) values (301,'wsparker',1,231749);
Insert into ETADEV.PERSON (ID,USERNAME,DIDLOGIN,EIN) values (181,'jphustman',1,321333);
Insert into ETADEV.PERSON (ID,USERNAME,DIDLOGIN,EIN) values (201,'cgwalsh',0,306779);
Insert into ETADEV.PERSON (ID,USERNAME,DIDLOGIN,EIN) values (221,'fnbohulano',1,289377);
Insert into ETADEV.PERSON (ID,USERNAME,DIDLOGIN,EIN) values (241,'kdcallahan',0,324833);
Insert into ETADEV.PERSON (ID,USERNAME,DIDLOGIN,EIN) values (321,'bjidzik',0,264876);
Insert into ETADEV.PERSON (ID,USERNAME,DIDLOGIN,EIN) values (281,'gfcrowder',0,255755);
REM INSERTING into ETADEV.STAFF
SET DEFINE OFF;
Insert into ETADEV.STAFF (ID,FIRSTNAME,LASTNAME,EMAIL,DATEJOINED,DATELEFT,OTHERDETAILS,FK_STAFFROLEID,NOTIFY) values (321333,'Jeremey','Hustman','jeremey.hustman@alaska.gov',to_date('11-AUG-14','DD-MON-RR'),null,null,1,'Y');
Insert into ETADEV.STAFF (ID,FIRSTNAME,LASTNAME,EMAIL,DATEJOINED,DATELEFT,OTHERDETAILS,FK_STAFFROLEID,NOTIFY) values (289377,'Nino','Bohulano','fernino.bohulano@alaska.gov',to_date('21-OCT-14','DD-MON-RR'),null,null,1,'N');
Insert into ETADEV.STAFF (ID,FIRSTNAME,LASTNAME,EMAIL,DATEJOINED,DATELEFT,OTHERDETAILS,FK_STAFFROLEID,NOTIFY) values (261130,'Rachel','Kindred','rachel.kindred@alaska.gov',to_date('21-OCT-14','DD-MON-RR'),null,null,1,'N');
Insert into ETADEV.STAFF (ID,FIRSTNAME,LASTNAME,EMAIL,DATEJOINED,DATELEFT,OTHERDETAILS,FK_STAFFROLEID,NOTIFY) values (325417,'Brittany','Weideman','brittany.weideman@alaska.gov',to_date('21-OCT-14','DD-MON-RR'),null,null,1,'N');
Insert into ETADEV.STAFF (ID,FIRSTNAME,LASTNAME,EMAIL,DATEJOINED,DATELEFT,OTHERDETAILS,FK_STAFFROLEID,NOTIFY) values (231749,'Wendy','Parker','wendy.parker@alaska.gov',to_date('21-APR-15','DD-MON-RR'),null,null,1,'Y');
REM INSERTING into ETADEV.STAFF_ROLE
SET DEFINE OFF;
Insert into ETADEV.STAFF_ROLE (ID,DESCRIPTION) values (1,'Travel Planner');
Insert into ETADEV.STAFF_ROLE (ID,DESCRIPTION) values (2,'Divisional Approver');
Insert into ETADEV.STAFF_ROLE (ID,DESCRIPTION) values (3,'Departmental Approver');
REM INSERTING into ETADEV.TA
SET DEFINE OFF;
Insert into ETADEV.TA (ID,FISCALYEAR,TANUMBER,EE,INSTATE,PHYSADDR,WARRANTADDR,EIN,PVN,TRAVELERNAME,TITLE,DEPT,DIV,BU,DUTYSTATION,HOMEADDRESS,HOMECITY,HOMESTATE,HOMEZIP,WORKDAYS,WORKTIME,DESTINATION,TRAVPREF,DEPARTUREFROM,DEPARTUREDATE,RETURNDATE,PURPOSE,ESTCOST,ACTUALSREQ,TRAVADV,PERSTRAV,PERSTRAVBEGIN,PERSTRAVEND,PERSTRAVAIRFARE,STATEAUTHTRV,HOTELINC,CARINC,CONFCOM,SUPERVISOR,ISSUBMITTED,SPECIALINST,CREATED,UPDATED,SUBMITTED,DELETED,FK_USERID,FK_PREPARERID,TRAVADVWN,TRAVADVWNAMT,ATMWITHDRAWAL,EDOCSID,EDOCSNAME,DESTINATIONTO,FK_ESTIMATOR,TAXTRAVNONTAX,TAXTRAVTAXABLE,TAXTRAVTOTAL) values (421,2015,'25-2015-00003',1,1,0,0,250468,null,'June E Gotschall','Division Operations Manager','Transportation &amp; Public Facilities','DAS-STWD ADMIN SERVICES','SS','Juneau',null,null,null,null,'M-F','8:00 - 4:30',null,null,'Juneau',to_date('02-NOV-14','DD-MON-RR'),to_date('07-NOV-14','DD-MON-RR'),'To discuss Security and Workflow issues for IRIS.  A hotel and car will be needed. (June will be sharing a car with Rachel Kindred).',0,0,0,0,null,null,null,null,1,0,null,null,1,null,to_date('23-APR-15','DD-MON-RR'),to_date('23-APR-15','DD-MON-RR'),to_date('23-APR-15','DD-MON-RR'),null,341,181,null,0,0,null,null,'Anchorage',321333,0,0,0);
Insert into ETADEV.TA (ID,FISCALYEAR,TANUMBER,EE,INSTATE,PHYSADDR,WARRANTADDR,EIN,PVN,TRAVELERNAME,TITLE,DEPT,DIV,BU,DUTYSTATION,HOMEADDRESS,HOMECITY,HOMESTATE,HOMEZIP,WORKDAYS,WORKTIME,DESTINATION,TRAVPREF,DEPARTUREFROM,DEPARTUREDATE,RETURNDATE,PURPOSE,ESTCOST,ACTUALSREQ,TRAVADV,PERSTRAV,PERSTRAVBEGIN,PERSTRAVEND,PERSTRAVAIRFARE,STATEAUTHTRV,HOTELINC,CARINC,CONFCOM,SUPERVISOR,ISSUBMITTED,SPECIALINST,CREATED,UPDATED,SUBMITTED,DELETED,FK_USERID,FK_PREPARERID,TRAVADVWN,TRAVADVWNAMT,ATMWITHDRAWAL,EDOCSID,EDOCSNAME,DESTINATIONTO,FK_ESTIMATOR,TAXTRAVNONTAX,TAXTRAVTAXABLE,TAXTRAVTOTAL) values (422,2015,'25-2015-00004',1,1,0,0,250468,null,'June E Gotschall','Division Operations Manager','Transportation &amp; Public Facilities','DAS-STWD ADMIN SERVICES','SS','Juneau',null,null,null,null,'M-F','8:00 - 4:30',null,null,'Juneau',to_date('02-NOV-14','DD-MON-RR'),to_date('07-NOV-14','DD-MON-RR'),'To discuss Security and Workflow issues for IRIS.  A hotel and car will be needed. (June will be sharing a car with Rachel Kindred).',0,0,0,0,null,null,0,null,1,0,null,null,1,null,to_date('23-APR-15','DD-MON-RR'),to_date('23-APR-15','DD-MON-RR'),to_date('23-APR-15','DD-MON-RR'),null,341,181,null,0,0,null,null,'Anchorage',null,0,0,0);
Insert into ETADEV.TA (ID,FISCALYEAR,TANUMBER,EE,INSTATE,PHYSADDR,WARRANTADDR,EIN,PVN,TRAVELERNAME,TITLE,DEPT,DIV,BU,DUTYSTATION,HOMEADDRESS,HOMECITY,HOMESTATE,HOMEZIP,WORKDAYS,WORKTIME,DESTINATION,TRAVPREF,DEPARTUREFROM,DEPARTUREDATE,RETURNDATE,PURPOSE,ESTCOST,ACTUALSREQ,TRAVADV,PERSTRAV,PERSTRAVBEGIN,PERSTRAVEND,PERSTRAVAIRFARE,STATEAUTHTRV,HOTELINC,CARINC,CONFCOM,SUPERVISOR,ISSUBMITTED,SPECIALINST,CREATED,UPDATED,SUBMITTED,DELETED,FK_USERID,FK_PREPARERID,TRAVADVWN,TRAVADVWNAMT,ATMWITHDRAWAL,EDOCSID,EDOCSNAME,DESTINATIONTO,FK_ESTIMATOR,TAXTRAVNONTAX,TAXTRAVTAXABLE,TAXTRAVTOTAL) values (423,2015,'25-2015-00005',1,1,0,0,321333,null,'Jeremey P Hustman','Analyst/Programmer III','Transportation &amp; Public Facilities','DAS-STWD ADMIN INFO SYSTEMS','GP','Juneau',null,null,null,null,'mdf','lkj',null,'sdfsdfsdf','lkj',to_date('16-APR-15','DD-MON-RR'),to_date('12-MAY-15','DD-MON-RR'),'dsfsdfsdf',0,0,0,0,null,null,null,null,0,0,null,null,1,null,to_date('23-APR-15','DD-MON-RR'),to_date('23-APR-15','DD-MON-RR'),to_date('23-APR-15','DD-MON-RR'),null,181,181,null,0,0,'68224','DOT-JNU_066355',null,null,0,0,0);
Insert into ETADEV.TA (ID,FISCALYEAR,TANUMBER,EE,INSTATE,PHYSADDR,WARRANTADDR,EIN,PVN,TRAVELERNAME,TITLE,DEPT,DIV,BU,DUTYSTATION,HOMEADDRESS,HOMECITY,HOMESTATE,HOMEZIP,WORKDAYS,WORKTIME,DESTINATION,TRAVPREF,DEPARTUREFROM,DEPARTUREDATE,RETURNDATE,PURPOSE,ESTCOST,ACTUALSREQ,TRAVADV,PERSTRAV,PERSTRAVBEGIN,PERSTRAVEND,PERSTRAVAIRFARE,STATEAUTHTRV,HOTELINC,CARINC,CONFCOM,SUPERVISOR,ISSUBMITTED,SPECIALINST,CREATED,UPDATED,SUBMITTED,DELETED,FK_USERID,FK_PREPARERID,TRAVADVWN,TRAVADVWNAMT,ATMWITHDRAWAL,EDOCSID,EDOCSNAME,DESTINATIONTO,FK_ESTIMATOR,TAXTRAVNONTAX,TAXTRAVTAXABLE,TAXTRAVTOTAL) values (441,2015,'25-2015-00006',1,1,0,0,321333,null,'Jeremey P Hustman','Analyst/Programmer III','Transportation &amp; Public Facilities','DAS-STWD ADMIN INFO SYSTEMS','GP','Juneau',null,null,null,null,'mdf','lkj',null,null,null,null,null,null,0,0,0,0,null,null,null,null,0,0,null,null,1,null,to_date('12-MAY-15','DD-MON-RR'),to_date('12-MAY-15','DD-MON-RR'),to_date('12-MAY-15','DD-MON-RR'),null,181,181,null,0,0,'69276','DOT-JNU_067403',null,null,0,0,0);
Insert into ETADEV.TA (ID,FISCALYEAR,TANUMBER,EE,INSTATE,PHYSADDR,WARRANTADDR,EIN,PVN,TRAVELERNAME,TITLE,DEPT,DIV,BU,DUTYSTATION,HOMEADDRESS,HOMECITY,HOMESTATE,HOMEZIP,WORKDAYS,WORKTIME,DESTINATION,TRAVPREF,DEPARTUREFROM,DEPARTUREDATE,RETURNDATE,PURPOSE,ESTCOST,ACTUALSREQ,TRAVADV,PERSTRAV,PERSTRAVBEGIN,PERSTRAVEND,PERSTRAVAIRFARE,STATEAUTHTRV,HOTELINC,CARINC,CONFCOM,SUPERVISOR,ISSUBMITTED,SPECIALINST,CREATED,UPDATED,SUBMITTED,DELETED,FK_USERID,FK_PREPARERID,TRAVADVWN,TRAVADVWNAMT,ATMWITHDRAWAL,EDOCSID,EDOCSNAME,DESTINATIONTO,FK_ESTIMATOR,TAXTRAVNONTAX,TAXTRAVTAXABLE,TAXTRAVTOTAL) values (444,2015,'25-2015-00009',1,1,0,0,321333,null,'Jeremey P Hustman','Analyst/Programmer III','Transportation &amp; Public Facilities','DAS-STWD ADMIN INFO SYSTEMS','GP','Juneau',null,null,null,null,'mdf','lkj',null,null,null,null,null,null,0,0,0,0,null,null,0,null,0,0,null,null,1,null,to_date('14-MAY-15','DD-MON-RR'),to_date('14-MAY-15','DD-MON-RR'),to_date('14-MAY-15','DD-MON-RR'),null,181,181,null,0,0,null,null,null,null,0,0,0);
Insert into ETADEV.TA (ID,FISCALYEAR,TANUMBER,EE,INSTATE,PHYSADDR,WARRANTADDR,EIN,PVN,TRAVELERNAME,TITLE,DEPT,DIV,BU,DUTYSTATION,HOMEADDRESS,HOMECITY,HOMESTATE,HOMEZIP,WORKDAYS,WORKTIME,DESTINATION,TRAVPREF,DEPARTUREFROM,DEPARTUREDATE,RETURNDATE,PURPOSE,ESTCOST,ACTUALSREQ,TRAVADV,PERSTRAV,PERSTRAVBEGIN,PERSTRAVEND,PERSTRAVAIRFARE,STATEAUTHTRV,HOTELINC,CARINC,CONFCOM,SUPERVISOR,ISSUBMITTED,SPECIALINST,CREATED,UPDATED,SUBMITTED,DELETED,FK_USERID,FK_PREPARERID,TRAVADVWN,TRAVADVWNAMT,ATMWITHDRAWAL,EDOCSID,EDOCSNAME,DESTINATIONTO,FK_ESTIMATOR,TAXTRAVNONTAX,TAXTRAVTAXABLE,TAXTRAVTOTAL) values (445,2015,'25-2015-00010',1,1,0,0,321333,null,'Jeremey P Hustman','Analyst/Programmer III','Transportation &amp; Public Facilities','DAS-STWD ADMIN INFO SYSTEMS','GP','Juneau',null,null,null,null,'mdf','lkj',null,null,null,null,null,null,0,0,0,0,null,null,0,null,0,0,null,null,1,null,to_date('14-MAY-15','DD-MON-RR'),to_date('14-MAY-15','DD-MON-RR'),to_date('14-MAY-15','DD-MON-RR'),null,181,181,null,0,0,null,null,null,null,0,0,0);
Insert into ETADEV.TA (ID,FISCALYEAR,TANUMBER,EE,INSTATE,PHYSADDR,WARRANTADDR,EIN,PVN,TRAVELERNAME,TITLE,DEPT,DIV,BU,DUTYSTATION,HOMEADDRESS,HOMECITY,HOMESTATE,HOMEZIP,WORKDAYS,WORKTIME,DESTINATION,TRAVPREF,DEPARTUREFROM,DEPARTUREDATE,RETURNDATE,PURPOSE,ESTCOST,ACTUALSREQ,TRAVADV,PERSTRAV,PERSTRAVBEGIN,PERSTRAVEND,PERSTRAVAIRFARE,STATEAUTHTRV,HOTELINC,CARINC,CONFCOM,SUPERVISOR,ISSUBMITTED,SPECIALINST,CREATED,UPDATED,SUBMITTED,DELETED,FK_USERID,FK_PREPARERID,TRAVADVWN,TRAVADVWNAMT,ATMWITHDRAWAL,EDOCSID,EDOCSNAME,DESTINATIONTO,FK_ESTIMATOR,TAXTRAVNONTAX,TAXTRAVTAXABLE,TAXTRAVTOTAL) values (446,2015,'25-2015-00011',1,1,0,0,321333,null,'Jeremey P Hustman','Analyst/Programmer III','Transportation &amp; Public Facilities','DAS-STWD ADMIN INFO SYSTEMS','GP','Juneau',null,null,null,null,'mdf','lkj',null,null,null,null,null,null,0,0,0,0,null,null,0,null,0,0,null,null,1,null,to_date('14-MAY-15','DD-MON-RR'),to_date('14-MAY-15','DD-MON-RR'),to_date('14-MAY-15','DD-MON-RR'),null,181,181,null,0,0,null,null,null,null,0,0,0);
Insert into ETADEV.TA (ID,FISCALYEAR,TANUMBER,EE,INSTATE,PHYSADDR,WARRANTADDR,EIN,PVN,TRAVELERNAME,TITLE,DEPT,DIV,BU,DUTYSTATION,HOMEADDRESS,HOMECITY,HOMESTATE,HOMEZIP,WORKDAYS,WORKTIME,DESTINATION,TRAVPREF,DEPARTUREFROM,DEPARTUREDATE,RETURNDATE,PURPOSE,ESTCOST,ACTUALSREQ,TRAVADV,PERSTRAV,PERSTRAVBEGIN,PERSTRAVEND,PERSTRAVAIRFARE,STATEAUTHTRV,HOTELINC,CARINC,CONFCOM,SUPERVISOR,ISSUBMITTED,SPECIALINST,CREATED,UPDATED,SUBMITTED,DELETED,FK_USERID,FK_PREPARERID,TRAVADVWN,TRAVADVWNAMT,ATMWITHDRAWAL,EDOCSID,EDOCSNAME,DESTINATIONTO,FK_ESTIMATOR,TAXTRAVNONTAX,TAXTRAVTAXABLE,TAXTRAVTOTAL) values (447,2015,'25-2015-00012',1,1,0,0,321333,null,'Jeremey P Hustman','Analyst/Programmer III','Transportation &amp; Public Facilities','DAS-STWD ADMIN INFO SYSTEMS','GP','Juneau',null,null,null,null,'mdf','lkj',null,null,null,null,null,null,0,0,0,0,null,null,0,null,0,0,null,null,1,null,to_date('14-MAY-15','DD-MON-RR'),to_date('14-MAY-15','DD-MON-RR'),to_date('14-MAY-15','DD-MON-RR'),null,181,181,null,0,0,null,null,null,null,0,0,0);
Insert into ETADEV.TA (ID,FISCALYEAR,TANUMBER,EE,INSTATE,PHYSADDR,WARRANTADDR,EIN,PVN,TRAVELERNAME,TITLE,DEPT,DIV,BU,DUTYSTATION,HOMEADDRESS,HOMECITY,HOMESTATE,HOMEZIP,WORKDAYS,WORKTIME,DESTINATION,TRAVPREF,DEPARTUREFROM,DEPARTUREDATE,RETURNDATE,PURPOSE,ESTCOST,ACTUALSREQ,TRAVADV,PERSTRAV,PERSTRAVBEGIN,PERSTRAVEND,PERSTRAVAIRFARE,STATEAUTHTRV,HOTELINC,CARINC,CONFCOM,SUPERVISOR,ISSUBMITTED,SPECIALINST,CREATED,UPDATED,SUBMITTED,DELETED,FK_USERID,FK_PREPARERID,TRAVADVWN,TRAVADVWNAMT,ATMWITHDRAWAL,EDOCSID,EDOCSNAME,DESTINATIONTO,FK_ESTIMATOR,TAXTRAVNONTAX,TAXTRAVTAXABLE,TAXTRAVTOTAL) values (448,2015,'25-2015-00013',1,1,0,0,321333,null,'Jeremey P Hustman','Analyst/Programmer III','Transportation &amp; Public Facilities','DAS-STWD ADMIN INFO SYSTEMS','GP','Juneau',null,null,null,null,'mdf','lkj',null,null,null,null,null,null,0,0,0,0,null,null,0,null,0,0,null,null,1,null,to_date('14-MAY-15','DD-MON-RR'),to_date('14-MAY-15','DD-MON-RR'),to_date('14-MAY-15','DD-MON-RR'),null,181,181,null,0,0,null,null,null,null,0,0,0);
Insert into ETADEV.TA (ID,FISCALYEAR,TANUMBER,EE,INSTATE,PHYSADDR,WARRANTADDR,EIN,PVN,TRAVELERNAME,TITLE,DEPT,DIV,BU,DUTYSTATION,HOMEADDRESS,HOMECITY,HOMESTATE,HOMEZIP,WORKDAYS,WORKTIME,DESTINATION,TRAVPREF,DEPARTUREFROM,DEPARTUREDATE,RETURNDATE,PURPOSE,ESTCOST,ACTUALSREQ,TRAVADV,PERSTRAV,PERSTRAVBEGIN,PERSTRAVEND,PERSTRAVAIRFARE,STATEAUTHTRV,HOTELINC,CARINC,CONFCOM,SUPERVISOR,ISSUBMITTED,SPECIALINST,CREATED,UPDATED,SUBMITTED,DELETED,FK_USERID,FK_PREPARERID,TRAVADVWN,TRAVADVWNAMT,ATMWITHDRAWAL,EDOCSID,EDOCSNAME,DESTINATIONTO,FK_ESTIMATOR,TAXTRAVNONTAX,TAXTRAVTAXABLE,TAXTRAVTOTAL) values (449,2015,'25-2015-00014',1,1,0,0,321333,null,'Jeremey P Hustman','Analyst/Programmer III','Transportation &amp; Public Facilities','DAS-STWD ADMIN INFO SYSTEMS','GP','Juneau',null,null,null,null,'mdf','lkj',null,null,null,null,null,null,0,0,0,0,null,null,0,null,0,0,null,null,1,null,to_date('14-MAY-15','DD-MON-RR'),to_date('14-MAY-15','DD-MON-RR'),to_date('14-MAY-15','DD-MON-RR'),null,181,181,null,0,0,null,null,null,null,0,0,0);
Insert into ETADEV.TA (ID,FISCALYEAR,TANUMBER,EE,INSTATE,PHYSADDR,WARRANTADDR,EIN,PVN,TRAVELERNAME,TITLE,DEPT,DIV,BU,DUTYSTATION,HOMEADDRESS,HOMECITY,HOMESTATE,HOMEZIP,WORKDAYS,WORKTIME,DESTINATION,TRAVPREF,DEPARTUREFROM,DEPARTUREDATE,RETURNDATE,PURPOSE,ESTCOST,ACTUALSREQ,TRAVADV,PERSTRAV,PERSTRAVBEGIN,PERSTRAVEND,PERSTRAVAIRFARE,STATEAUTHTRV,HOTELINC,CARINC,CONFCOM,SUPERVISOR,ISSUBMITTED,SPECIALINST,CREATED,UPDATED,SUBMITTED,DELETED,FK_USERID,FK_PREPARERID,TRAVADVWN,TRAVADVWNAMT,ATMWITHDRAWAL,EDOCSID,EDOCSNAME,DESTINATIONTO,FK_ESTIMATOR,TAXTRAVNONTAX,TAXTRAVTAXABLE,TAXTRAVTOTAL) values (450,2015,'25-2015-00015',1,1,0,0,321333,null,'Jeremey P Hustman','Analyst/Programmer III','Transportation &amp; Public Facilities','DAS-STWD ADMIN INFO SYSTEMS','GP','Juneau',null,null,null,null,'mdf','lkj',null,null,null,null,null,null,0,0,0,0,null,null,0,null,0,0,null,null,1,null,to_date('14-MAY-15','DD-MON-RR'),to_date('14-MAY-15','DD-MON-RR'),to_date('14-MAY-15','DD-MON-RR'),null,181,181,null,0,0,null,null,null,null,0,0,0);
Insert into ETADEV.TA (ID,FISCALYEAR,TANUMBER,EE,INSTATE,PHYSADDR,WARRANTADDR,EIN,PVN,TRAVELERNAME,TITLE,DEPT,DIV,BU,DUTYSTATION,HOMEADDRESS,HOMECITY,HOMESTATE,HOMEZIP,WORKDAYS,WORKTIME,DESTINATION,TRAVPREF,DEPARTUREFROM,DEPARTUREDATE,RETURNDATE,PURPOSE,ESTCOST,ACTUALSREQ,TRAVADV,PERSTRAV,PERSTRAVBEGIN,PERSTRAVEND,PERSTRAVAIRFARE,STATEAUTHTRV,HOTELINC,CARINC,CONFCOM,SUPERVISOR,ISSUBMITTED,SPECIALINST,CREATED,UPDATED,SUBMITTED,DELETED,FK_USERID,FK_PREPARERID,TRAVADVWN,TRAVADVWNAMT,ATMWITHDRAWAL,EDOCSID,EDOCSNAME,DESTINATIONTO,FK_ESTIMATOR,TAXTRAVNONTAX,TAXTRAVTAXABLE,TAXTRAVTOTAL) values (451,2015,'25-2015-00016',1,1,0,0,321333,null,'Jeremey P Hustman','Analyst/Programmer III','Transportation &amp; Public Facilities','DAS-STWD ADMIN INFO SYSTEMS','GP','Juneau',null,null,null,null,'mdf','lkj',null,null,null,null,null,null,0,0,0,0,null,null,0,null,0,0,null,null,1,null,to_date('14-MAY-15','DD-MON-RR'),to_date('14-MAY-15','DD-MON-RR'),to_date('14-MAY-15','DD-MON-RR'),null,181,181,null,0,0,null,null,null,null,0,0,0);
Insert into ETADEV.TA (ID,FISCALYEAR,TANUMBER,EE,INSTATE,PHYSADDR,WARRANTADDR,EIN,PVN,TRAVELERNAME,TITLE,DEPT,DIV,BU,DUTYSTATION,HOMEADDRESS,HOMECITY,HOMESTATE,HOMEZIP,WORKDAYS,WORKTIME,DESTINATION,TRAVPREF,DEPARTUREFROM,DEPARTUREDATE,RETURNDATE,PURPOSE,ESTCOST,ACTUALSREQ,TRAVADV,PERSTRAV,PERSTRAVBEGIN,PERSTRAVEND,PERSTRAVAIRFARE,STATEAUTHTRV,HOTELINC,CARINC,CONFCOM,SUPERVISOR,ISSUBMITTED,SPECIALINST,CREATED,UPDATED,SUBMITTED,DELETED,FK_USERID,FK_PREPARERID,TRAVADVWN,TRAVADVWNAMT,ATMWITHDRAWAL,EDOCSID,EDOCSNAME,DESTINATIONTO,FK_ESTIMATOR,TAXTRAVNONTAX,TAXTRAVTAXABLE,TAXTRAVTOTAL) values (452,2015,'25-2015-00017',1,1,0,0,321333,null,'Jeremey P Hustman','Analyst/Programmer III','Transportation &amp; Public Facilities','DAS-STWD ADMIN INFO SYSTEMS','GP','Juneau',null,null,null,null,'mdf','lkj',null,null,null,null,null,null,0,0,0,0,null,null,0,null,0,0,null,null,1,null,to_date('14-MAY-15','DD-MON-RR'),to_date('14-MAY-15','DD-MON-RR'),to_date('14-MAY-15','DD-MON-RR'),null,181,181,null,0,0,null,null,null,321333,0,0,0);
Insert into ETADEV.TA (ID,FISCALYEAR,TANUMBER,EE,INSTATE,PHYSADDR,WARRANTADDR,EIN,PVN,TRAVELERNAME,TITLE,DEPT,DIV,BU,DUTYSTATION,HOMEADDRESS,HOMECITY,HOMESTATE,HOMEZIP,WORKDAYS,WORKTIME,DESTINATION,TRAVPREF,DEPARTUREFROM,DEPARTUREDATE,RETURNDATE,PURPOSE,ESTCOST,ACTUALSREQ,TRAVADV,PERSTRAV,PERSTRAVBEGIN,PERSTRAVEND,PERSTRAVAIRFARE,STATEAUTHTRV,HOTELINC,CARINC,CONFCOM,SUPERVISOR,ISSUBMITTED,SPECIALINST,CREATED,UPDATED,SUBMITTED,DELETED,FK_USERID,FK_PREPARERID,TRAVADVWN,TRAVADVWNAMT,ATMWITHDRAWAL,EDOCSID,EDOCSNAME,DESTINATIONTO,FK_ESTIMATOR,TAXTRAVNONTAX,TAXTRAVTAXABLE,TAXTRAVTOTAL) values (453,2015,'25-2015-00018',1,1,0,0,321333,null,'Jeremey P Hustman','Analyst/Programmer III','Transportation &amp; Public Facilities','DAS-STWD ADMIN INFO SYSTEMS','GP','Juneau',null,null,null,null,'mdf','lkj',null,null,null,null,null,null,0,0,0,0,null,null,null,null,0,0,null,null,1,null,to_date('14-MAY-15','DD-MON-RR'),to_date('14-MAY-15','DD-MON-RR'),to_date('14-MAY-15','DD-MON-RR'),null,181,181,null,0,0,'69523','DOT-JNU_067650',null,321333,0,0,0);
Insert into ETADEV.TA (ID,FISCALYEAR,TANUMBER,EE,INSTATE,PHYSADDR,WARRANTADDR,EIN,PVN,TRAVELERNAME,TITLE,DEPT,DIV,BU,DUTYSTATION,HOMEADDRESS,HOMECITY,HOMESTATE,HOMEZIP,WORKDAYS,WORKTIME,DESTINATION,TRAVPREF,DEPARTUREFROM,DEPARTUREDATE,RETURNDATE,PURPOSE,ESTCOST,ACTUALSREQ,TRAVADV,PERSTRAV,PERSTRAVBEGIN,PERSTRAVEND,PERSTRAVAIRFARE,STATEAUTHTRV,HOTELINC,CARINC,CONFCOM,SUPERVISOR,ISSUBMITTED,SPECIALINST,CREATED,UPDATED,SUBMITTED,DELETED,FK_USERID,FK_PREPARERID,TRAVADVWN,TRAVADVWNAMT,ATMWITHDRAWAL,EDOCSID,EDOCSNAME,DESTINATIONTO,FK_ESTIMATOR,TAXTRAVNONTAX,TAXTRAVTAXABLE,TAXTRAVTOTAL) values (454,2015,'25-2015-00019',1,1,0,0,321333,null,'Jeremey P Hustman','Analyst/Programmer III','Transportation &amp; Public Facilities','DAS-STWD ADMIN INFO SYSTEMS','GP','Juneau',null,null,null,null,'mdf','lkj',null,null,null,null,null,null,0,0,0,0,null,null,0,null,0,0,null,null,1,null,to_date('14-MAY-15','DD-MON-RR'),to_date('14-MAY-15','DD-MON-RR'),to_date('14-MAY-15','DD-MON-RR'),null,181,181,null,0,0,null,null,null,null,0,0,0);
Insert into ETADEV.TA (ID,FISCALYEAR,TANUMBER,EE,INSTATE,PHYSADDR,WARRANTADDR,EIN,PVN,TRAVELERNAME,TITLE,DEPT,DIV,BU,DUTYSTATION,HOMEADDRESS,HOMECITY,HOMESTATE,HOMEZIP,WORKDAYS,WORKTIME,DESTINATION,TRAVPREF,DEPARTUREFROM,DEPARTUREDATE,RETURNDATE,PURPOSE,ESTCOST,ACTUALSREQ,TRAVADV,PERSTRAV,PERSTRAVBEGIN,PERSTRAVEND,PERSTRAVAIRFARE,STATEAUTHTRV,HOTELINC,CARINC,CONFCOM,SUPERVISOR,ISSUBMITTED,SPECIALINST,CREATED,UPDATED,SUBMITTED,DELETED,FK_USERID,FK_PREPARERID,TRAVADVWN,TRAVADVWNAMT,ATMWITHDRAWAL,EDOCSID,EDOCSNAME,DESTINATIONTO,FK_ESTIMATOR,TAXTRAVNONTAX,TAXTRAVTAXABLE,TAXTRAVTOTAL) values (455,2015,'25-2015-00020',1,1,0,0,321333,null,'Jeremey P Hustman','Analyst/Programmer III','Transportation &amp; Public Facilities','DAS-STWD ADMIN INFO SYSTEMS','GP','Juneau',null,null,null,null,'mdf','lkj',null,null,null,null,null,null,0,0,0,0,null,null,0,null,0,0,null,null,1,null,to_date('15-MAY-15','DD-MON-RR'),to_date('15-MAY-15','DD-MON-RR'),to_date('15-MAY-15','DD-MON-RR'),null,181,181,null,0,0,null,null,null,null,0,0,0);
Insert into ETADEV.TA (ID,FISCALYEAR,TANUMBER,EE,INSTATE,PHYSADDR,WARRANTADDR,EIN,PVN,TRAVELERNAME,TITLE,DEPT,DIV,BU,DUTYSTATION,HOMEADDRESS,HOMECITY,HOMESTATE,HOMEZIP,WORKDAYS,WORKTIME,DESTINATION,TRAVPREF,DEPARTUREFROM,DEPARTUREDATE,RETURNDATE,PURPOSE,ESTCOST,ACTUALSREQ,TRAVADV,PERSTRAV,PERSTRAVBEGIN,PERSTRAVEND,PERSTRAVAIRFARE,STATEAUTHTRV,HOTELINC,CARINC,CONFCOM,SUPERVISOR,ISSUBMITTED,SPECIALINST,CREATED,UPDATED,SUBMITTED,DELETED,FK_USERID,FK_PREPARERID,TRAVADVWN,TRAVADVWNAMT,ATMWITHDRAWAL,EDOCSID,EDOCSNAME,DESTINATIONTO,FK_ESTIMATOR,TAXTRAVNONTAX,TAXTRAVTAXABLE,TAXTRAVTOTAL) values (456,2015,'25-2015-00021',1,1,0,0,321333,null,'Jeremey P Hustman','Analyst/Programmer III','Transportation &amp; Public Facilities','DAS-STWD ADMIN INFO SYSTEMS','GP','Juneau',null,null,null,null,'mdf','lkj',null,null,null,null,null,null,0,0,0,0,null,null,0,null,0,0,null,null,1,null,to_date('15-MAY-15','DD-MON-RR'),to_date('15-MAY-15','DD-MON-RR'),to_date('15-MAY-15','DD-MON-RR'),null,181,181,null,0,0,null,null,null,null,0,0,0);
Insert into ETADEV.TA (ID,FISCALYEAR,TANUMBER,EE,INSTATE,PHYSADDR,WARRANTADDR,EIN,PVN,TRAVELERNAME,TITLE,DEPT,DIV,BU,DUTYSTATION,HOMEADDRESS,HOMECITY,HOMESTATE,HOMEZIP,WORKDAYS,WORKTIME,DESTINATION,TRAVPREF,DEPARTUREFROM,DEPARTUREDATE,RETURNDATE,PURPOSE,ESTCOST,ACTUALSREQ,TRAVADV,PERSTRAV,PERSTRAVBEGIN,PERSTRAVEND,PERSTRAVAIRFARE,STATEAUTHTRV,HOTELINC,CARINC,CONFCOM,SUPERVISOR,ISSUBMITTED,SPECIALINST,CREATED,UPDATED,SUBMITTED,DELETED,FK_USERID,FK_PREPARERID,TRAVADVWN,TRAVADVWNAMT,ATMWITHDRAWAL,EDOCSID,EDOCSNAME,DESTINATIONTO,FK_ESTIMATOR,TAXTRAVNONTAX,TAXTRAVTAXABLE,TAXTRAVTOTAL) values (410,2015,null,1,1,0,0,231749,null,'Wendy S Parker','Analyst/Programmer V','Transportation &amp; Public Facilities','DAS-STWD ADMIN INFO SYSTEMS','GP','Juneau',null,null,null,null,null,null,null,null,null,null,null,null,0,0,0,0,null,null,0,null,0,0,null,null,0,null,to_date('21-APR-15','DD-MON-RR'),null,null,null,301,301,null,0,0,null,null,null,null,0,0,0);
Insert into ETADEV.TA (ID,FISCALYEAR,TANUMBER,EE,INSTATE,PHYSADDR,WARRANTADDR,EIN,PVN,TRAVELERNAME,TITLE,DEPT,DIV,BU,DUTYSTATION,HOMEADDRESS,HOMECITY,HOMESTATE,HOMEZIP,WORKDAYS,WORKTIME,DESTINATION,TRAVPREF,DEPARTUREFROM,DEPARTUREDATE,RETURNDATE,PURPOSE,ESTCOST,ACTUALSREQ,TRAVADV,PERSTRAV,PERSTRAVBEGIN,PERSTRAVEND,PERSTRAVAIRFARE,STATEAUTHTRV,HOTELINC,CARINC,CONFCOM,SUPERVISOR,ISSUBMITTED,SPECIALINST,CREATED,UPDATED,SUBMITTED,DELETED,FK_USERID,FK_PREPARERID,TRAVADVWN,TRAVADVWNAMT,ATMWITHDRAWAL,EDOCSID,EDOCSNAME,DESTINATIONTO,FK_ESTIMATOR,TAXTRAVNONTAX,TAXTRAVTAXABLE,TAXTRAVTOTAL) values (411,2015,null,1,1,0,0,231749,null,'Wendy S Parker','Analyst/Programmer V','Transportation &amp; Public Facilities','DAS-STWD ADMIN INFO SYSTEMS','GP','Juneau',null,null,null,null,null,null,null,null,null,null,null,null,0,0,0,0,null,null,0,null,0,0,null,null,0,null,to_date('21-APR-15','DD-MON-RR'),null,null,null,301,301,null,0,0,null,null,null,null,0,0,0);
Insert into ETADEV.TA (ID,FISCALYEAR,TANUMBER,EE,INSTATE,PHYSADDR,WARRANTADDR,EIN,PVN,TRAVELERNAME,TITLE,DEPT,DIV,BU,DUTYSTATION,HOMEADDRESS,HOMECITY,HOMESTATE,HOMEZIP,WORKDAYS,WORKTIME,DESTINATION,TRAVPREF,DEPARTUREFROM,DEPARTUREDATE,RETURNDATE,PURPOSE,ESTCOST,ACTUALSREQ,TRAVADV,PERSTRAV,PERSTRAVBEGIN,PERSTRAVEND,PERSTRAVAIRFARE,STATEAUTHTRV,HOTELINC,CARINC,CONFCOM,SUPERVISOR,ISSUBMITTED,SPECIALINST,CREATED,UPDATED,SUBMITTED,DELETED,FK_USERID,FK_PREPARERID,TRAVADVWN,TRAVADVWNAMT,ATMWITHDRAWAL,EDOCSID,EDOCSNAME,DESTINATIONTO,FK_ESTIMATOR,TAXTRAVNONTAX,TAXTRAVTAXABLE,TAXTRAVTOTAL) values (412,2015,'25-2015-00001',1,1,0,0,231749,null,'Wendy S Parker','Analyst/Programmer V','Transportation &amp; Public Facilities','DAS-STWD ADMIN INFO SYSTEMS','GP','Juneau',null,null,null,null,null,null,null,null,null,null,null,null,2000,1,0,0,null,null,null,null,1,1,null,null,0,null,to_date('21-APR-15','DD-MON-RR'),to_date('21-APR-15','DD-MON-RR'),to_date('21-APR-15','DD-MON-RR'),null,301,301,null,0,0,null,null,null,321333,0,0,0);
Insert into ETADEV.TA (ID,FISCALYEAR,TANUMBER,EE,INSTATE,PHYSADDR,WARRANTADDR,EIN,PVN,TRAVELERNAME,TITLE,DEPT,DIV,BU,DUTYSTATION,HOMEADDRESS,HOMECITY,HOMESTATE,HOMEZIP,WORKDAYS,WORKTIME,DESTINATION,TRAVPREF,DEPARTUREFROM,DEPARTUREDATE,RETURNDATE,PURPOSE,ESTCOST,ACTUALSREQ,TRAVADV,PERSTRAV,PERSTRAVBEGIN,PERSTRAVEND,PERSTRAVAIRFARE,STATEAUTHTRV,HOTELINC,CARINC,CONFCOM,SUPERVISOR,ISSUBMITTED,SPECIALINST,CREATED,UPDATED,SUBMITTED,DELETED,FK_USERID,FK_PREPARERID,TRAVADVWN,TRAVADVWNAMT,ATMWITHDRAWAL,EDOCSID,EDOCSNAME,DESTINATIONTO,FK_ESTIMATOR,TAXTRAVNONTAX,TAXTRAVTAXABLE,TAXTRAVTOTAL) values (413,2015,'25-2015-00002',1,1,0,0,231749,null,'Wendy S Parker','Analyst/Programmer V','Transportation &amp; Public Facilities','DAS-STWD ADMIN INFO SYSTEMS','GP','Juneau',null,null,null,null,null,null,null,null,null,null,null,null,0,0,0,0,null,null,null,null,0,0,null,null,0,null,to_date('21-APR-15','DD-MON-RR'),to_date('21-APR-15','DD-MON-RR'),to_date('21-APR-15','DD-MON-RR'),null,301,301,null,0,0,null,null,null,null,0,0,0);
Insert into ETADEV.TA (ID,FISCALYEAR,TANUMBER,EE,INSTATE,PHYSADDR,WARRANTADDR,EIN,PVN,TRAVELERNAME,TITLE,DEPT,DIV,BU,DUTYSTATION,HOMEADDRESS,HOMECITY,HOMESTATE,HOMEZIP,WORKDAYS,WORKTIME,DESTINATION,TRAVPREF,DEPARTUREFROM,DEPARTUREDATE,RETURNDATE,PURPOSE,ESTCOST,ACTUALSREQ,TRAVADV,PERSTRAV,PERSTRAVBEGIN,PERSTRAVEND,PERSTRAVAIRFARE,STATEAUTHTRV,HOTELINC,CARINC,CONFCOM,SUPERVISOR,ISSUBMITTED,SPECIALINST,CREATED,UPDATED,SUBMITTED,DELETED,FK_USERID,FK_PREPARERID,TRAVADVWN,TRAVADVWNAMT,ATMWITHDRAWAL,EDOCSID,EDOCSNAME,DESTINATIONTO,FK_ESTIMATOR,TAXTRAVNONTAX,TAXTRAVTAXABLE,TAXTRAVTOTAL) values (442,2015,'25-2015-00007',1,1,0,0,321333,null,'Jeremey P Hustman','Analyst/Programmer III','Transportation &amp; Public Facilities','DAS-STWD ADMIN INFO SYSTEMS','GP','Juneau',null,null,null,null,'mdf','lkj',null,null,null,null,null,null,0,0,0,0,null,null,null,null,0,0,null,null,1,null,to_date('12-MAY-15','DD-MON-RR'),to_date('12-MAY-15','DD-MON-RR'),to_date('12-MAY-15','DD-MON-RR'),null,181,181,null,0,0,'69278','DOT-JNU_067405',null,null,0,0,0);
Insert into ETADEV.TA (ID,FISCALYEAR,TANUMBER,EE,INSTATE,PHYSADDR,WARRANTADDR,EIN,PVN,TRAVELERNAME,TITLE,DEPT,DIV,BU,DUTYSTATION,HOMEADDRESS,HOMECITY,HOMESTATE,HOMEZIP,WORKDAYS,WORKTIME,DESTINATION,TRAVPREF,DEPARTUREFROM,DEPARTUREDATE,RETURNDATE,PURPOSE,ESTCOST,ACTUALSREQ,TRAVADV,PERSTRAV,PERSTRAVBEGIN,PERSTRAVEND,PERSTRAVAIRFARE,STATEAUTHTRV,HOTELINC,CARINC,CONFCOM,SUPERVISOR,ISSUBMITTED,SPECIALINST,CREATED,UPDATED,SUBMITTED,DELETED,FK_USERID,FK_PREPARERID,TRAVADVWN,TRAVADVWNAMT,ATMWITHDRAWAL,EDOCSID,EDOCSNAME,DESTINATIONTO,FK_ESTIMATOR,TAXTRAVNONTAX,TAXTRAVTAXABLE,TAXTRAVTOTAL) values (443,2015,'25-2015-00008',1,1,0,0,321333,null,'Jeremey P Hustman','Analyst/Programmer III','Transportation &amp; Public Facilities','DAS-STWD ADMIN INFO SYSTEMS','GP','Juneau',null,null,null,null,'mdf','lkj',null,null,null,null,null,null,0,0,0,0,null,null,null,null,0,0,null,null,1,null,to_date('12-MAY-15','DD-MON-RR'),to_date('12-MAY-15','DD-MON-RR'),to_date('12-MAY-15','DD-MON-RR'),null,181,181,null,0,0,'69279','DOT-JNU_067406',null,null,0,0,0);
REM INSERTING into ETADEV.TA_PROCESSES
SET DEFINE OFF;
Insert into ETADEV.TA_PROCESSES (CREATED,FK_STATUS,FK_PROCESS,FK_TAID,FK_PERSON,ID,FK_STAFFID,APPROVED,DETAILS,FK_APPROVER) values (to_date('23-APR-15','DD-MON-RR'),1,2,421,181,341,321333,0,null,null);
Insert into ETADEV.TA_PROCESSES (CREATED,FK_STATUS,FK_PROCESS,FK_TAID,FK_PERSON,ID,FK_STAFFID,APPROVED,DETAILS,FK_APPROVER) values (to_date('23-APR-15','DD-MON-RR'),1,3,412,181,342,321333,0,null,null);
Insert into ETADEV.TA_PROCESSES (CREATED,FK_STATUS,FK_PROCESS,FK_TAID,FK_PERSON,ID,FK_STAFFID,APPROVED,DETAILS,FK_APPROVER) values (to_date('23-APR-15','DD-MON-RR'),1,2,422,181,343,321333,0,null,null);
Insert into ETADEV.TA_PROCESSES (CREATED,FK_STATUS,FK_PROCESS,FK_TAID,FK_PERSON,ID,FK_STAFFID,APPROVED,DETAILS,FK_APPROVER) values (to_date('23-APR-15','DD-MON-RR'),1,2,423,181,344,321333,0,null,null);
Insert into ETADEV.TA_PROCESSES (CREATED,FK_STATUS,FK_PROCESS,FK_TAID,FK_PERSON,ID,FK_STAFFID,APPROVED,DETAILS,FK_APPROVER) values (to_date('23-APR-15','DD-MON-RR'),1,3,421,181,345,321333,0,null,null);
Insert into ETADEV.TA_PROCESSES (CREATED,FK_STATUS,FK_PROCESS,FK_TAID,FK_PERSON,ID,FK_STAFFID,APPROVED,DETAILS,FK_APPROVER) values (to_date('23-APR-15','DD-MON-RR'),1,5,423,181,346,321333,0,null,null);
Insert into ETADEV.TA_PROCESSES (CREATED,FK_STATUS,FK_PROCESS,FK_TAID,FK_PERSON,ID,FK_STAFFID,APPROVED,DETAILS,FK_APPROVER) values (to_date('12-MAY-15','DD-MON-RR'),1,2,441,181,361,321333,0,null,null);
Insert into ETADEV.TA_PROCESSES (CREATED,FK_STATUS,FK_PROCESS,FK_TAID,FK_PERSON,ID,FK_STAFFID,APPROVED,DETAILS,FK_APPROVER) values (to_date('12-MAY-15','DD-MON-RR'),1,5,441,181,362,321333,0,null,null);
Insert into ETADEV.TA_PROCESSES (CREATED,FK_STATUS,FK_PROCESS,FK_TAID,FK_PERSON,ID,FK_STAFFID,APPROVED,DETAILS,FK_APPROVER) values (to_date('14-MAY-15','DD-MON-RR'),1,2,452,181,367,321333,0,null,null);
Insert into ETADEV.TA_PROCESSES (CREATED,FK_STATUS,FK_PROCESS,FK_TAID,FK_PERSON,ID,FK_STAFFID,APPROVED,DETAILS,FK_APPROVER) values (to_date('14-MAY-15','DD-MON-RR'),1,2,453,181,368,321333,0,null,null);
Insert into ETADEV.TA_PROCESSES (CREATED,FK_STATUS,FK_PROCESS,FK_TAID,FK_PERSON,ID,FK_STAFFID,APPROVED,DETAILS,FK_APPROVER) values (to_date('14-MAY-15','DD-MON-RR'),1,2,454,181,369,321333,0,null,null);
Insert into ETADEV.TA_PROCESSES (CREATED,FK_STATUS,FK_PROCESS,FK_TAID,FK_PERSON,ID,FK_STAFFID,APPROVED,DETAILS,FK_APPROVER) values (to_date('14-MAY-15','DD-MON-RR'),1,3,453,181,370,321333,0,null,null);
Insert into ETADEV.TA_PROCESSES (CREATED,FK_STATUS,FK_PROCESS,FK_TAID,FK_PERSON,ID,FK_STAFFID,APPROVED,DETAILS,FK_APPROVER) values (to_date('14-MAY-15','DD-MON-RR'),1,5,453,181,371,321333,0,null,null);
Insert into ETADEV.TA_PROCESSES (CREATED,FK_STATUS,FK_PROCESS,FK_TAID,FK_PERSON,ID,FK_STAFFID,APPROVED,DETAILS,FK_APPROVER) values (to_date('14-MAY-15','DD-MON-RR'),1,7,453,181,372,321333,1,null,321333);
Insert into ETADEV.TA_PROCESSES (CREATED,FK_STATUS,FK_PROCESS,FK_TAID,FK_PERSON,ID,FK_STAFFID,APPROVED,DETAILS,FK_APPROVER) values (to_date('15-MAY-15','DD-MON-RR'),1,2,455,181,373,321333,0,null,null);
Insert into ETADEV.TA_PROCESSES (CREATED,FK_STATUS,FK_PROCESS,FK_TAID,FK_PERSON,ID,FK_STAFFID,APPROVED,DETAILS,FK_APPROVER) values (to_date('15-MAY-15','DD-MON-RR'),1,2,456,181,374,321333,0,null,null);
Insert into ETADEV.TA_PROCESSES (CREATED,FK_STATUS,FK_PROCESS,FK_TAID,FK_PERSON,ID,FK_STAFFID,APPROVED,DETAILS,FK_APPROVER) values (to_date('21-APR-15','DD-MON-RR'),1,2,412,301,325,null,0,null,null);
Insert into ETADEV.TA_PROCESSES (CREATED,FK_STATUS,FK_PROCESS,FK_TAID,FK_PERSON,ID,FK_STAFFID,APPROVED,DETAILS,FK_APPROVER) values (to_date('21-APR-15','DD-MON-RR'),1,2,413,301,326,231749,0,null,null);
Insert into ETADEV.TA_PROCESSES (CREATED,FK_STATUS,FK_PROCESS,FK_TAID,FK_PERSON,ID,FK_STAFFID,APPROVED,DETAILS,FK_APPROVER) values (to_date('21-APR-15','DD-MON-RR'),1,1,412,301,323,null,0,null,null);
Insert into ETADEV.TA_PROCESSES (CREATED,FK_STATUS,FK_PROCESS,FK_TAID,FK_PERSON,ID,FK_STAFFID,APPROVED,DETAILS,FK_APPROVER) values (to_date('21-APR-15','DD-MON-RR'),1,1,413,301,324,null,0,null,null);
Insert into ETADEV.TA_PROCESSES (CREATED,FK_STATUS,FK_PROCESS,FK_TAID,FK_PERSON,ID,FK_STAFFID,APPROVED,DETAILS,FK_APPROVER) values (to_date('12-MAY-15','DD-MON-RR'),1,2,442,181,363,321333,0,null,null);
Insert into ETADEV.TA_PROCESSES (CREATED,FK_STATUS,FK_PROCESS,FK_TAID,FK_PERSON,ID,FK_STAFFID,APPROVED,DETAILS,FK_APPROVER) values (to_date('12-MAY-15','DD-MON-RR'),1,5,442,181,364,321333,0,null,null);
Insert into ETADEV.TA_PROCESSES (CREATED,FK_STATUS,FK_PROCESS,FK_TAID,FK_PERSON,ID,FK_STAFFID,APPROVED,DETAILS,FK_APPROVER) values (to_date('12-MAY-15','DD-MON-RR'),1,2,443,181,365,321333,0,null,null);
Insert into ETADEV.TA_PROCESSES (CREATED,FK_STATUS,FK_PROCESS,FK_TAID,FK_PERSON,ID,FK_STAFFID,APPROVED,DETAILS,FK_APPROVER) values (to_date('12-MAY-15','DD-MON-RR'),1,5,443,181,366,321333,0,null,null);
REM INSERTING into ETADEV.TA_STATUS
SET DEFINE OFF;
Insert into ETADEV.TA_STATUS (ID,DESCRIPTION) values (1,'Pre-Trip');
Insert into ETADEV.TA_STATUS (ID,DESCRIPTION) values (2,'Trip');
Insert into ETADEV.TA_STATUS (ID,DESCRIPTION) values (3,'Post-Trip');
Insert into ETADEV.TA_STATUS (ID,DESCRIPTION) values (4,'Finalized');
REM INSERTING into ETADEV.TRW
SET DEFINE OFF;
Insert into ETADEV.TRW (ID,FIN,TYPE,AMOUNT,AKSASACCT,FK_TAID) values (161,1,'M&amp;IE',348,'72114',412);
Insert into ETADEV.TRW (ID,FIN,TYPE,AMOUNT,AKSASACCT,FK_TAID) values (162,2,'M&amp;IE',-36,'72114',412);
REM INSERTING into ETADEV.WORKFLOW_PROCESSES
SET DEFINE OFF;
Insert into ETADEV.WORKFLOW_PROCESSES (ID,NAME) values (1,'Start TA');
Insert into ETADEV.WORKFLOW_PROCESSES (ID,NAME) values (2,'Sent to Travel Planner');
Insert into ETADEV.WORKFLOW_PROCESSES (ID,NAME) values (3,'E-Travel Itinerary Research');
Insert into ETADEV.WORKFLOW_PROCESSES (ID,NAME) values (4,'Rejected');
Insert into ETADEV.WORKFLOW_PROCESSES (ID,NAME) values (5,'Waiting for Div Approval');
Insert into ETADEV.WORKFLOW_PROCESSES (ID,NAME) values (6,'Waiting for Dept Approval');
Insert into ETADEV.WORKFLOW_PROCESSES (ID,NAME) values (7,'Travel Envelope Preparation');
Insert into ETADEV.WORKFLOW_PROCESSES (ID,NAME) values (8,'Finalize TA');
Insert into ETADEV.WORKFLOW_PROCESSES (ID,NAME) values (9,'TA Submission');
Insert into ETADEV.WORKFLOW_PROCESSES (ID,NAME) values (10,'Reconciliation');
Insert into ETADEV.WORKFLOW_PROCESSES (ID,NAME) values (11,'Submit for Certification');
--------------------------------------------------------
--  DDL for Index OUTOFSTATE_PK
--------------------------------------------------------

  CREATE UNIQUE INDEX "ETADEV"."OUTOFSTATE_PK" ON "ETADEV"."OUTOFSTATE" ("ID") 
  PCTFREE 10 INITRANS 2 MAXTRANS 255 COMPUTE STATISTICS 
  STORAGE(INITIAL 65536 NEXT 1048576 MINEXTENTS 1 MAXEXTENTS 2147483645
  PCTINCREASE 0 FREELISTS 1 FREELIST GROUPS 1 BUFFER_POOL DEFAULT)
  TABLESPACE "TRAVAUTH_DATA" ;
--------------------------------------------------------
--  DDL for Index TA_PROCESSES_PK1
--------------------------------------------------------

  CREATE UNIQUE INDEX "ETADEV"."TA_PROCESSES_PK1" ON "ETADEV"."TA_PROCESSES" ("ID") 
  PCTFREE 10 INITRANS 2 MAXTRANS 255 COMPUTE STATISTICS 
  STORAGE(INITIAL 65536 NEXT 1048576 MINEXTENTS 1 MAXEXTENTS 2147483645
  PCTINCREASE 0 FREELISTS 1 FREELIST GROUPS 1 BUFFER_POOL DEFAULT)
  TABLESPACE "TRAVAUTH_DATA" ;
--------------------------------------------------------
--  DDL for Index EXPENSE_PK
--------------------------------------------------------

  CREATE UNIQUE INDEX "ETADEV"."EXPENSE_PK" ON "ETADEV"."EXPENSE" ("ID") 
  PCTFREE 10 INITRANS 2 MAXTRANS 255 COMPUTE STATISTICS 
  STORAGE(INITIAL 65536 NEXT 1048576 MINEXTENTS 1 MAXEXTENTS 2147483645
  PCTINCREASE 0 FREELISTS 1 FREELIST GROUPS 1 BUFFER_POOL DEFAULT)
  TABLESPACE "TRAVAUTH_DATA" ;
--------------------------------------------------------
--  DDL for Index STAFFROLE_PK
--------------------------------------------------------

  CREATE UNIQUE INDEX "ETADEV"."STAFFROLE_PK" ON "ETADEV"."STAFF_ROLE" ("ID") 
  PCTFREE 10 INITRANS 2 MAXTRANS 255 COMPUTE STATISTICS 
  STORAGE(INITIAL 65536 NEXT 1048576 MINEXTENTS 1 MAXEXTENTS 2147483645
  PCTINCREASE 0 FREELISTS 1 FREELIST GROUPS 1 BUFFER_POOL DEFAULT)
  TABLESPACE "TRAVAUTH_DATA" ;
--------------------------------------------------------
--  DDL for Index TRW_PK
--------------------------------------------------------

  CREATE UNIQUE INDEX "ETADEV"."TRW_PK" ON "ETADEV"."TRW" ("ID") 
  PCTFREE 10 INITRANS 2 MAXTRANS 255 COMPUTE STATISTICS 
  STORAGE(INITIAL 65536 NEXT 1048576 MINEXTENTS 1 MAXEXTENTS 2147483645
  PCTINCREASE 0 FREELISTS 1 FREELIST GROUPS 1 BUFFER_POOL DEFAULT)
  TABLESPACE "TRAVAUTH_DATA" ;
--------------------------------------------------------
--  DDL for Index FINANCIALCODES_PK
--------------------------------------------------------

  CREATE UNIQUE INDEX "ETADEV"."FINANCIALCODES_PK" ON "ETADEV"."FINANCIAL_CODES" ("ID") 
  PCTFREE 10 INITRANS 2 MAXTRANS 255 COMPUTE STATISTICS 
  STORAGE(INITIAL 65536 NEXT 1048576 MINEXTENTS 1 MAXEXTENTS 2147483645
  PCTINCREASE 0 FREELISTS 1 FREELIST GROUPS 1 BUFFER_POOL DEFAULT)
  TABLESPACE "TRAVAUTH_DATA" ;
--------------------------------------------------------
--  DDL for Index TA_STATUS_PK
--------------------------------------------------------

  CREATE UNIQUE INDEX "ETADEV"."TA_STATUS_PK" ON "ETADEV"."TA_STATUS" ("ID") 
  PCTFREE 10 INITRANS 2 MAXTRANS 255 COMPUTE STATISTICS 
  STORAGE(INITIAL 65536 NEXT 1048576 MINEXTENTS 1 MAXEXTENTS 2147483645
  PCTINCREASE 0 FREELISTS 1 FREELIST GROUPS 1 BUFFER_POOL DEFAULT)
  TABLESPACE "TRAVAUTH_DATA" ;
--------------------------------------------------------
--  DDL for Index STAFF_PK
--------------------------------------------------------

  CREATE UNIQUE INDEX "ETADEV"."STAFF_PK" ON "ETADEV"."STAFF" ("ID") 
  PCTFREE 10 INITRANS 2 MAXTRANS 255 COMPUTE STATISTICS 
  STORAGE(INITIAL 65536 NEXT 1048576 MINEXTENTS 1 MAXEXTENTS 2147483645
  PCTINCREASE 0 FREELISTS 1 FREELIST GROUPS 1 BUFFER_POOL DEFAULT)
  TABLESPACE "TRAVAUTH_DATA" ;
--------------------------------------------------------
--  DDL for Index TAS_PK
--------------------------------------------------------

  CREATE UNIQUE INDEX "ETADEV"."TAS_PK" ON "ETADEV"."TA" ("ID") 
  PCTFREE 10 INITRANS 2 MAXTRANS 255 COMPUTE STATISTICS 
  STORAGE(INITIAL 65536 NEXT 1048576 MINEXTENTS 1 MAXEXTENTS 2147483645
  PCTINCREASE 0 FREELISTS 1 FREELIST GROUPS 1 BUFFER_POOL DEFAULT)
  TABLESPACE "TRAVAUTH_DATA" ;
--------------------------------------------------------
--  DDL for Index ONECARD_PK
--------------------------------------------------------

  CREATE UNIQUE INDEX "ETADEV"."ONECARD_PK" ON "ETADEV"."ONECARD" ("ID") 
  PCTFREE 10 INITRANS 2 MAXTRANS 255 COMPUTE STATISTICS 
  STORAGE(INITIAL 65536 NEXT 1048576 MINEXTENTS 1 MAXEXTENTS 2147483645
  PCTINCREASE 0 FREELISTS 1 FREELIST GROUPS 1 BUFFER_POOL DEFAULT)
  TABLESPACE "TRAVAUTH_DATA" ;
--------------------------------------------------------
--  DDL for Index PERSON_PK
--------------------------------------------------------

  CREATE UNIQUE INDEX "ETADEV"."PERSON_PK" ON "ETADEV"."PERSON" ("ID") 
  PCTFREE 10 INITRANS 2 MAXTRANS 255 COMPUTE STATISTICS 
  STORAGE(INITIAL 65536 NEXT 1048576 MINEXTENTS 1 MAXEXTENTS 2147483645
  PCTINCREASE 0 FREELISTS 1 FREELIST GROUPS 1 BUFFER_POOL DEFAULT)
  TABLESPACE "TRAVAUTH_DATA" ;
--------------------------------------------------------
--  DDL for Index WORKFLOW_PROCESSES_PK
--------------------------------------------------------

  CREATE UNIQUE INDEX "ETADEV"."WORKFLOW_PROCESSES_PK" ON "ETADEV"."WORKFLOW_PROCESSES" ("ID") 
  PCTFREE 10 INITRANS 2 MAXTRANS 255 COMPUTE STATISTICS 
  STORAGE(INITIAL 65536 NEXT 1048576 MINEXTENTS 1 MAXEXTENTS 2147483645
  PCTINCREASE 0 FREELISTS 1 FREELIST GROUPS 1 BUFFER_POOL DEFAULT)
  TABLESPACE "TRAVAUTH_DATA" ;
--------------------------------------------------------
--  Constraints for Table TRW
--------------------------------------------------------

  ALTER TABLE "ETADEV"."TRW" ADD CONSTRAINT "TRW_PK" PRIMARY KEY ("ID")
  USING INDEX PCTFREE 10 INITRANS 2 MAXTRANS 255 COMPUTE STATISTICS 
  STORAGE(INITIAL 65536 NEXT 1048576 MINEXTENTS 1 MAXEXTENTS 2147483645
  PCTINCREASE 0 FREELISTS 1 FREELIST GROUPS 1 BUFFER_POOL DEFAULT)
  TABLESPACE "TRAVAUTH_DATA"  ENABLE;
--------------------------------------------------------
--  Constraints for Table WORKFLOW_PROCESSES
--------------------------------------------------------

  ALTER TABLE "ETADEV"."WORKFLOW_PROCESSES" ADD CONSTRAINT "WORKFLOW_PROCESSES_PK" PRIMARY KEY ("ID")
  USING INDEX PCTFREE 10 INITRANS 2 MAXTRANS 255 COMPUTE STATISTICS 
  STORAGE(INITIAL 65536 NEXT 1048576 MINEXTENTS 1 MAXEXTENTS 2147483645
  PCTINCREASE 0 FREELISTS 1 FREELIST GROUPS 1 BUFFER_POOL DEFAULT)
  TABLESPACE "TRAVAUTH_DATA"  ENABLE;
--------------------------------------------------------
--  Constraints for Table EXPENSE
--------------------------------------------------------

  ALTER TABLE "ETADEV"."EXPENSE" ADD CONSTRAINT "EXPENSE_PK" PRIMARY KEY ("ID")
  USING INDEX PCTFREE 10 INITRANS 2 MAXTRANS 255 COMPUTE STATISTICS 
  STORAGE(INITIAL 65536 NEXT 1048576 MINEXTENTS 1 MAXEXTENTS 2147483645
  PCTINCREASE 0 FREELISTS 1 FREELIST GROUPS 1 BUFFER_POOL DEFAULT)
  TABLESPACE "TRAVAUTH_DATA"  ENABLE;
--------------------------------------------------------
--  Constraints for Table STAFF
--------------------------------------------------------

  ALTER TABLE "ETADEV"."STAFF" ADD CONSTRAINT "STAFF_CHK1" CHECK (notify in ('N','Y')) ENABLE;
 
  ALTER TABLE "ETADEV"."STAFF" ADD CONSTRAINT "STAFF_PK" PRIMARY KEY ("ID")
  USING INDEX PCTFREE 10 INITRANS 2 MAXTRANS 255 COMPUTE STATISTICS 
  STORAGE(INITIAL 65536 NEXT 1048576 MINEXTENTS 1 MAXEXTENTS 2147483645
  PCTINCREASE 0 FREELISTS 1 FREELIST GROUPS 1 BUFFER_POOL DEFAULT)
  TABLESPACE "TRAVAUTH_DATA"  ENABLE;
--------------------------------------------------------
--  Constraints for Table TA
--------------------------------------------------------

  ALTER TABLE "ETADEV"."TA" ADD CONSTRAINT "TAS_PK" PRIMARY KEY ("ID")
  USING INDEX PCTFREE 10 INITRANS 2 MAXTRANS 255 COMPUTE STATISTICS 
  STORAGE(INITIAL 65536 NEXT 1048576 MINEXTENTS 1 MAXEXTENTS 2147483645
  PCTINCREASE 0 FREELISTS 1 FREELIST GROUPS 1 BUFFER_POOL DEFAULT)
  TABLESPACE "TRAVAUTH_DATA"  ENABLE;
--------------------------------------------------------
--  Constraints for Table PERSON
--------------------------------------------------------

  ALTER TABLE "ETADEV"."PERSON" ADD CONSTRAINT "PERSON_PK" PRIMARY KEY ("ID")
  USING INDEX PCTFREE 10 INITRANS 2 MAXTRANS 255 COMPUTE STATISTICS 
  STORAGE(INITIAL 65536 NEXT 1048576 MINEXTENTS 1 MAXEXTENTS 2147483645
  PCTINCREASE 0 FREELISTS 1 FREELIST GROUPS 1 BUFFER_POOL DEFAULT)
  TABLESPACE "TRAVAUTH_DATA"  ENABLE;
--------------------------------------------------------
--  Constraints for Table TA_STATUS
--------------------------------------------------------

  ALTER TABLE "ETADEV"."TA_STATUS" ADD CONSTRAINT "TA_STATUS_PK" PRIMARY KEY ("ID")
  USING INDEX PCTFREE 10 INITRANS 2 MAXTRANS 255 COMPUTE STATISTICS 
  STORAGE(INITIAL 65536 NEXT 1048576 MINEXTENTS 1 MAXEXTENTS 2147483645
  PCTINCREASE 0 FREELISTS 1 FREELIST GROUPS 1 BUFFER_POOL DEFAULT)
  TABLESPACE "TRAVAUTH_DATA"  ENABLE;
--------------------------------------------------------
--  Constraints for Table STAFF_ROLE
--------------------------------------------------------

  ALTER TABLE "ETADEV"."STAFF_ROLE" ADD CONSTRAINT "STAFFROLE_PK" PRIMARY KEY ("ID")
  USING INDEX PCTFREE 10 INITRANS 2 MAXTRANS 255 COMPUTE STATISTICS 
  STORAGE(INITIAL 65536 NEXT 1048576 MINEXTENTS 1 MAXEXTENTS 2147483645
  PCTINCREASE 0 FREELISTS 1 FREELIST GROUPS 1 BUFFER_POOL DEFAULT)
  TABLESPACE "TRAVAUTH_DATA"  ENABLE;
--------------------------------------------------------
--  Constraints for Table OUTOFSTATE
--------------------------------------------------------

  ALTER TABLE "ETADEV"."OUTOFSTATE" ADD CONSTRAINT "OUTOFSTATE_PK" PRIMARY KEY ("ID")
  USING INDEX PCTFREE 10 INITRANS 2 MAXTRANS 255 COMPUTE STATISTICS 
  STORAGE(INITIAL 65536 NEXT 1048576 MINEXTENTS 1 MAXEXTENTS 2147483645
  PCTINCREASE 0 FREELISTS 1 FREELIST GROUPS 1 BUFFER_POOL DEFAULT)
  TABLESPACE "TRAVAUTH_DATA"  ENABLE;
--------------------------------------------------------
--  Constraints for Table ONECARD
--------------------------------------------------------

  ALTER TABLE "ETADEV"."ONECARD" ADD CONSTRAINT "ONECARD_PK" PRIMARY KEY ("ID")
  USING INDEX PCTFREE 10 INITRANS 2 MAXTRANS 255 COMPUTE STATISTICS 
  STORAGE(INITIAL 65536 NEXT 1048576 MINEXTENTS 1 MAXEXTENTS 2147483645
  PCTINCREASE 0 FREELISTS 1 FREELIST GROUPS 1 BUFFER_POOL DEFAULT)
  TABLESPACE "TRAVAUTH_DATA"  ENABLE;
--------------------------------------------------------
--  Constraints for Table TA_PROCESSES
--------------------------------------------------------

  ALTER TABLE "ETADEV"."TA_PROCESSES" ADD CONSTRAINT "TA_PROCESSES_PK" PRIMARY KEY ("ID")
  USING INDEX PCTFREE 10 INITRANS 2 MAXTRANS 255 COMPUTE STATISTICS 
  STORAGE(INITIAL 65536 NEXT 1048576 MINEXTENTS 1 MAXEXTENTS 2147483645
  PCTINCREASE 0 FREELISTS 1 FREELIST GROUPS 1 BUFFER_POOL DEFAULT)
  TABLESPACE "TRAVAUTH_DATA"  ENABLE;
--------------------------------------------------------
--  Constraints for Table FINANCIAL_CODES
--------------------------------------------------------

  ALTER TABLE "ETADEV"."FINANCIAL_CODES" ADD CONSTRAINT "FINANCIALCODES_PK" PRIMARY KEY ("ID")
  USING INDEX PCTFREE 10 INITRANS 2 MAXTRANS 255 COMPUTE STATISTICS 
  STORAGE(INITIAL 65536 NEXT 1048576 MINEXTENTS 1 MAXEXTENTS 2147483645
  PCTINCREASE 0 FREELISTS 1 FREELIST GROUPS 1 BUFFER_POOL DEFAULT)
  TABLESPACE "TRAVAUTH_DATA"  ENABLE;
--------------------------------------------------------
--  Ref Constraints for Table EXPENSE
--------------------------------------------------------

  ALTER TABLE "ETADEV"."EXPENSE" ADD CONSTRAINT "EXPENSE_FK1" FOREIGN KEY ("FK_TAID")
	  REFERENCES "ETADEV"."TA" ("ID") ENABLE;
--------------------------------------------------------
--  Ref Constraints for Table FINANCIAL_CODES
--------------------------------------------------------

  ALTER TABLE "ETADEV"."FINANCIAL_CODES" ADD CONSTRAINT "FINANCIALCODES_FK1" FOREIGN KEY ("FK_TAID")
	  REFERENCES "ETADEV"."TA" ("ID") ENABLE;
--------------------------------------------------------
--  Ref Constraints for Table ONECARD
--------------------------------------------------------

  ALTER TABLE "ETADEV"."ONECARD" ADD CONSTRAINT "ONECARD_FK1" FOREIGN KEY ("FK_TAID")
	  REFERENCES "ETADEV"."TA" ("ID") ENABLE;
--------------------------------------------------------
--  Ref Constraints for Table OUTOFSTATE
--------------------------------------------------------

  ALTER TABLE "ETADEV"."OUTOFSTATE" ADD CONSTRAINT "OUTOFSTATE_FK1" FOREIGN KEY ("FK_TAID")
	  REFERENCES "ETADEV"."TA" ("ID") ENABLE;
--------------------------------------------------------
--  Ref Constraints for Table STAFF
--------------------------------------------------------

  ALTER TABLE "ETADEV"."STAFF" ADD CONSTRAINT "STAFF_FK1" FOREIGN KEY ("FK_STAFFROLEID")
	  REFERENCES "ETADEV"."STAFF_ROLE" ("ID") ENABLE;
--------------------------------------------------------
--  Ref Constraints for Table TA
--------------------------------------------------------

  ALTER TABLE "ETADEV"."TA" ADD CONSTRAINT "TA_FK1" FOREIGN KEY ("FK_PREPARERID")
	  REFERENCES "ETADEV"."PERSON" ("ID") ENABLE;
 
  ALTER TABLE "ETADEV"."TA" ADD CONSTRAINT "TA_FK2" FOREIGN KEY ("FK_ESTIMATOR")
	  REFERENCES "ETADEV"."STAFF" ("ID") ENABLE;
 
  ALTER TABLE "ETADEV"."TA" ADD CONSTRAINT "TA_FK3" FOREIGN KEY ("FK_USERID")
	  REFERENCES "ETADEV"."PERSON" ("ID") ENABLE;
--------------------------------------------------------
--  Ref Constraints for Table TA_PROCESSES
--------------------------------------------------------

  ALTER TABLE "ETADEV"."TA_PROCESSES" ADD CONSTRAINT "TA_PROCESSES_FK1" FOREIGN KEY ("FK_TAID")
	  REFERENCES "ETADEV"."TA" ("ID") ENABLE;
 
  ALTER TABLE "ETADEV"."TA_PROCESSES" ADD CONSTRAINT "TA_PROCESSES_FK2" FOREIGN KEY ("FK_PROCESS")
	  REFERENCES "ETADEV"."WORKFLOW_PROCESSES" ("ID") ENABLE;
 
  ALTER TABLE "ETADEV"."TA_PROCESSES" ADD CONSTRAINT "TA_PROCESSES_FK3" FOREIGN KEY ("FK_STATUS")
	  REFERENCES "ETADEV"."TA_STATUS" ("ID") ENABLE;
 
  ALTER TABLE "ETADEV"."TA_PROCESSES" ADD CONSTRAINT "TA_PROCESSES_FK4" FOREIGN KEY ("FK_PERSON")
	  REFERENCES "ETADEV"."PERSON" ("ID") ENABLE;
 
  ALTER TABLE "ETADEV"."TA_PROCESSES" ADD CONSTRAINT "TA_PROCESSES_FK5" FOREIGN KEY ("FK_STAFFID")
	  REFERENCES "ETADEV"."STAFF" ("ID") ENABLE;
 
  ALTER TABLE "ETADEV"."TA_PROCESSES" ADD CONSTRAINT "TA_PROCESSES_FK6" FOREIGN KEY ("FK_APPROVER")
	  REFERENCES "ETADEV"."STAFF" ("ID") ENABLE;
--------------------------------------------------------
--  DDL for Trigger EXPENSE_TRG
--------------------------------------------------------

  CREATE OR REPLACE TRIGGER "ETADEV"."EXPENSE_TRG" 
BEFORE INSERT ON EXPENSE 
FOR EACH ROW 
BEGIN
  <<COLUMN_SEQUENCES>>
  BEGIN
    IF INSERTING AND :NEW.ID IS NULL THEN
      SELECT EXPENSE_SEQ.NEXTVAL INTO :NEW.ID FROM SYS.DUAL;
    END IF;
  END COLUMN_SEQUENCES;
END;
/
ALTER TRIGGER "ETADEV"."EXPENSE_TRG" ENABLE;
--------------------------------------------------------
--  DDL for Trigger FINANCIAL_CODES_TRG
--------------------------------------------------------

  CREATE OR REPLACE TRIGGER "ETADEV"."FINANCIAL_CODES_TRG" 
BEFORE INSERT ON FINANCIAL_CODES 
FOR EACH ROW 
BEGIN
  <<COLUMN_SEQUENCES>>
  BEGIN
    IF INSERTING AND :NEW.ID IS NULL THEN
      SELECT FINANCIAL_CODES_SEQ.NEXTVAL INTO :NEW.ID FROM SYS.DUAL;
    END IF;
  END COLUMN_SEQUENCES;
END;
/
ALTER TRIGGER "ETADEV"."FINANCIAL_CODES_TRG" ENABLE;
--------------------------------------------------------
--  DDL for Trigger ONECARD_TRG
--------------------------------------------------------

  CREATE OR REPLACE TRIGGER "ETADEV"."ONECARD_TRG" 
BEFORE INSERT ON ONECARD 
FOR EACH ROW 
BEGIN
  <<COLUMN_SEQUENCES>>
  BEGIN
    IF INSERTING AND :NEW.ID IS NULL THEN
      SELECT ONECARD_SEQ.NEXTVAL INTO :NEW.ID FROM SYS.DUAL;
    END IF;
  END COLUMN_SEQUENCES;
END;
/
ALTER TRIGGER "ETADEV"."ONECARD_TRG" ENABLE;
--------------------------------------------------------
--  DDL for Trigger OUTOFSTATE_TRG
--------------------------------------------------------

  CREATE OR REPLACE TRIGGER "ETADEV"."OUTOFSTATE_TRG" 
BEFORE INSERT ON OUTOFSTATE 
FOR EACH ROW 
BEGIN
  <<COLUMN_SEQUENCES>>
  BEGIN
    IF INSERTING AND :NEW.ID IS NULL THEN
      SELECT OUTOFSTATE_SEQ.NEXTVAL INTO :NEW.ID FROM SYS.DUAL;
    END IF;
  END COLUMN_SEQUENCES;
END;
/
ALTER TRIGGER "ETADEV"."OUTOFSTATE_TRG" ENABLE;
--------------------------------------------------------
--  DDL for Trigger PERSON_TRG
--------------------------------------------------------

  CREATE OR REPLACE TRIGGER "ETADEV"."PERSON_TRG" 
BEFORE INSERT ON PERSON 
FOR EACH ROW 
BEGIN
  <<COLUMN_SEQUENCES>>
  BEGIN
    IF INSERTING AND :NEW.ID IS NULL THEN
      SELECT PERSON_SEQ.NEXTVAL INTO :NEW.ID FROM SYS.DUAL;
    END IF;
  END COLUMN_SEQUENCES;
END;
/
ALTER TRIGGER "ETADEV"."PERSON_TRG" ENABLE;
--------------------------------------------------------
--  DDL for Trigger TA_PROCESSES_TRG
--------------------------------------------------------

  CREATE OR REPLACE TRIGGER "ETADEV"."TA_PROCESSES_TRG" 
BEFORE INSERT ON TA_PROCESSES 
FOR EACH ROW 
BEGIN
  <<COLUMN_SEQUENCES>>
  BEGIN
    IF INSERTING THEN
      SELECT TA_PROCESSES_SEQ.NEXTVAL INTO :NEW.ID FROM SYS.DUAL;
    END IF;
  END COLUMN_SEQUENCES;
END;
/
ALTER TRIGGER "ETADEV"."TA_PROCESSES_TRG" ENABLE;
--------------------------------------------------------
--  DDL for Trigger TA_TRG
--------------------------------------------------------

  CREATE OR REPLACE TRIGGER "ETADEV"."TA_TRG" 
  BEFORE INSERT ON "TA"
  REFERENCING FOR EACH ROW
  BEGIN
  <<COLUMN_SEQUENCES>>
  BEGIN
    IF INSERTING AND :NEW.ID IS NULL THEN
      SELECT TA_SEQ.NEXTVAL INTO :NEW.ID FROM SYS.DUAL;
    END IF;
  END COLUMN_SEQUENCES;
END;
/
ALTER TRIGGER "ETADEV"."TA_TRG" ENABLE;
--------------------------------------------------------
--  DDL for Trigger TA_TRG1
--------------------------------------------------------

  CREATE OR REPLACE TRIGGER "ETADEV"."TA_TRG1" 
BEFORE INSERT ON TA 
FOR EACH ROW 
BEGIN
  <<COLUMN_SEQUENCES>>
  BEGIN
    IF INSERTING AND :NEW.ID IS NULL THEN
      SELECT TA_SEQ1.NEXTVAL INTO :NEW.ID FROM SYS.DUAL;
    END IF;
  END COLUMN_SEQUENCES;
END;
/
ALTER TRIGGER "ETADEV"."TA_TRG1" ENABLE;
--------------------------------------------------------
--  DDL for Trigger TRW_TRG
--------------------------------------------------------

  CREATE OR REPLACE TRIGGER "ETADEV"."TRW_TRG" 
  BEFORE INSERT ON "TRW"
  REFERENCING FOR EACH ROW
  BEGIN
  <<COLUMN_SEQUENCES>>
  BEGIN
    IF INSERTING AND :NEW.ID IS NULL THEN
      SELECT TRW_SEQ.NEXTVAL INTO :NEW.ID FROM SYS.DUAL;
    END IF;
  END COLUMN_SEQUENCES;
END;
/
ALTER TRIGGER "ETADEV"."TRW_TRG" ENABLE;
